기준일,다음매매일,장세,장세매수배율,장세매수필터,보유섹터,오늘신호섹터,현금,평가금액,총자산,누적실현손익,일일손익,최대낙폭,보유종목수,매수건수,매도건수,메모
2023-07-12,2023-07-13,횡보장,0.0,상승공격 + 횡보차단,,건설,100000000.0,0.0,100000000.0,0.0,0.0,0.0,0,0,0,
2023-07-13,2023-07-14,횡보장,0.0,상승공격 + 횡보차단,,바이오,100000000.0,0.0,100000000.0,0.0,0.0,0.0,0,0,0,
2023-07-14,2023-07-17,횡보장,0.0,상승공격 + 횡보차단,,자동차,100000000.0,0.0,100000000.0,0.0,0.0,0.0,0,0,0,
2023-07-17,2023-07-18,횡보장,0.0,상승공격 + 횡보차단,,"건설,로봇,인터넷/소프트웨어",100000000.0,0.0,100000000.0,0.0,0.0,0.0,0,0,0,
2023-07-18,2023-07-19,횡보장,0.0,상승공격 + 횡보차단,,화학/정유,100000000.0,0.0,100000000.0,0.0,0.0,0.0,0,0,0,
2023-07-19,2023-07-20,횡보장,0.0,상승공격 + 횡보차단,,,100000000.0,0.0,100000000.0,0.0,0.0,0.0,0,0,0,
2023-07-20,2023-07-21,횡보장,0.0,상승공격 + 횡보차단,,,100000000.0,0.0,100000000.0,0.0,0.0,0.0,0,0,0,
2023-07-21,2023-07-24,횡보장,0.0,상승공격 + 횡보차단,,"운송/해운,로봇,금융",100000000.0,0.0,100000000.0,0.0,0.0,0.0,0,0,0,
2023-07-24,2023-07-25,횡보장,0.0,상승공격 + 횡보차단,,,100000000.0,0.0,100000000.0,0.0,0.0,0.0,0,0,0,
2023-07-25,2023-07-26,횡보장,0.0,상승공격 + 횡보차단,,엔터/게임,100000000.0,0.0,100000000.0,0.0,0.0,0.0,0,0,0,
2023-07-26,2023-07-27,횡보장,0.0,상승공격 + 횡보차단,,전력/전선/인프라,100000000.0,0.0,100000000.0,0.0,0.0,0.0,0,0,0,
2023-07-27,2023-07-28,횡보장,0.0,상승공격 + 횡보차단,,"방산/우주,금융,바이오",100000000.0,0.0,100000000.0,0.0,0.0,0.0,0,0,0,
2023-07-28,2023-07-31,횡보장,0.0,상승공격 + 횡보차단,,,100000000.0,0.0,100000000.0,0.0,0.0,0.0,0,0,0,
2023-07-31,2023-08-01,횡보장,0.0,상승공격 + 횡보차단,,"로봇,지주/밸류업",100000000.0,0.0,100000000.0,0.0,0.0,0.0,0,0,0,
2023-08-01,2023-08-02,횡보장,0.0,상승공격 + 횡보차단,,"지주/밸류업,엔터/게임,로봇",100000000.0,0.0,100000000.0,0.0,0.0,0.0,0,0,0,
2023-08-02,2023-08-03,횡보장,0.0,상승공격 + 횡보차단,,"원전/에너지,자동차,엔터/게임",100000000.0,0.0,100000000.0,0.0,0.0,0.0,0,0,0,
2023-08-03,2023-08-04,횡보장,0.0,상승공격 + 횡보차단,,"바이오,엔터/게임",100000000.0,0.0,100000000.0,0.0,0.0,0.0,0,0,0,
2023-08-04,2023-08-07,상승장,1.2,상승공격 + 횡보차단,엔터/게임,엔터/게임,88180878.0,11968000.0,100148878.0,0.0,148878.0,0.0,1,1,0,
2023-08-07,2023-08-08,횡보장,0.0,상승공격 + 횡보차단,엔터/게임,자동차,88180878.0,12078000.0,100258878.0,0.0,110000.0,0.0,1,0,0,
2023-08-08,2023-08-09,횡보장,0.0,상승공격 + 횡보차단,엔터/게임,,88180878.0,11968000.0,100148878.0,0.0,-110000.0,-0.11,1,0,0,
2023-08-09,2023-08-10,횡보장,0.0,상승공격 + 횡보차단,엔터/게임,바이오,88180878.0,11418000.0,99598878.0,0.0,-550000.0,-0.66,1,0,0,
2023-08-10,2023-08-11,횡보장,0.0,상승공격 + 횡보차단,엔터/게임,"운송/해운,방산/우주,바이오",88180878.0,11286000.0,99466878.0,0.0,-132000.0,-0.79,1,0,0,
2023-08-11,2023-08-14,횡보장,0.0,상승공격 + 횡보차단,,"화장품,조선/기계",99155578.0,0.0,99155578.0,-844422.0,-311300.0,-1.1,0,0,1,
2023-08-14,2023-08-16,횡보장,0.0,상승공격 + 횡보차단,,"음식료,조선/기계",99155578.0,0.0,99155578.0,-844422.0,0.0,-1.1,0,0,0,
2023-08-16,2023-08-17,조정장,0.5,상승공격 + 횡보차단,PCB,"PCB,음식료",94192999.0,5018100.0,99211099.0,-844422.0,55521.0,-1.1,1,1,0,
2023-08-17,2023-08-18,조정장,0.5,상승공격 + 횡보차단,"PCB,금융",금융,89215176.0,10427464.0,99642640.0,-844422.0,431541.0,-1.1,2,1,0,
2023-08-18,2023-08-21,조정장,0.5,상승공격 + 횡보차단,"금융,운송/해운",운송/해운,90158262.0,10013480.0,100171742.0,142523.0,529102.0,-1.1,2,1,1,
2023-08-21,2023-08-22,조정장,0.5,상승공격 + 횡보차단,"금융,운송/해운",,90158262.0,10115770.0,100274032.0,142523.0,102290.0,-1.1,2,0,0,
2023-08-22,2023-08-23,조정장,0.5,상승공격 + 횡보차단,"금융,운송/해운",조선/기계,90158262.0,9931000.0,100089262.0,142523.0,-184770.0,-1.1,2,0,0,
2023-08-23,2023-08-24,조정장,0.5,상승공격 + 횡보차단,"금융,운송/해운",원전/에너지,90158262.0,9958480.0,100116742.0,142523.0,27480.0,-1.1,2,0,0,
2023-08-24,2023-08-25,횡보장,0.0,상승공격 + 횡보차단,"금융,운송/해운",,90158262.0,10002530.0,100160792.0,142523.0,44050.0,-1.1,2,0,0,
2023-08-25,2023-08-28,조정장,0.5,상승공격 + 횡보차단,"금융,운송/해운","자동차,소비/유통/호텔",90158262.0,9903500.0,100061762.0,142523.0,-99030.0,-1.1,2,0,0,
2023-08-28,2023-08-29,조정장,0.5,상승공격 + 횡보차단,"금융,운송/해운","원전/에너지,조선/기계,건설",90158262.0,9955650.0,100113912.0,142523.0,52150.0,-1.1,2,0,0,
2023-08-29,2023-08-30,조정장,0.5,상승공격 + 횡보차단,"금융,운송/해운","엔터/게임,자동차,조선/기계",90158262.0,10083800.0,100242062.0,142523.0,128150.0,-1.1,2,0,0,
2023-08-30,2023-08-31,조정장,0.5,상승공격 + 횡보차단,"금융,운송/해운",원전/에너지,90158262.0,9921690.0,100079952.0,142523.0,-162110.0,-1.1,2,0,0,
2023-08-31,2023-09-01,횡보장,0.0,상승공격 + 횡보차단,"금융,운송/해운","원전/에너지,금융",90158262.0,9962480.0,100120742.0,142523.0,40790.0,-1.1,2,0,0,
2023-09-01,2023-09-04,횡보장,0.0,상승공격 + 횡보차단,"금융,운송/해운",전력/전선/인프라,90158262.0,9897000.0,100055262.0,142523.0,-65480.0,-1.1,2,0,0,
2023-09-04,2023-09-05,횡보장,0.0,상승공격 + 횡보차단,"금융,운송/해운",화학/정유,90158262.0,9992400.0,100150662.0,142523.0,95400.0,-1.1,2,0,0,
2023-09-05,2023-09-06,횡보장,0.0,상승공격 + 횡보차단,"금융,운송/해운",,90158262.0,9962890.0,100121152.0,142523.0,-29510.0,-1.1,2,0,0,
2023-09-06,2023-09-07,횡보장,0.0,상승공격 + 횡보차단,"금융,운송/해운","방산/우주,화학/정유",90158262.0,9959240.0,100117502.0,142523.0,-3650.0,-1.1,2,0,0,
2023-09-07,2023-09-08,횡보장,0.0,상승공격 + 횡보차단,"금융,운송/해운","자동차,방산/우주,바이오",90158262.0,9955200.0,100113462.0,142523.0,-4040.0,-1.1,2,0,0,
2023-09-08,2023-09-11,횡보장,0.0,상승공격 + 횡보차단,"금융,운송/해운","지주/밸류업,PCB",90158262.0,10004930.0,100163192.0,142523.0,49730.0,-1.1,2,0,0,
2023-09-11,2023-09-12,횡보장,0.0,상승공격 + 횡보차단,"금융,운송/해운","바이오,원전/에너지,금융",90158262.0,10063520.0,100221782.0,142523.0,58590.0,-1.1,2,0,0,
2023-09-12,2023-09-13,횡보장,0.0,상승공격 + 횡보차단,"금융,운송/해운",,90158262.0,9953970.0,100112232.0,142523.0,-109550.0,-1.1,2,0,0,
2023-09-13,2023-09-14,횡보장,0.0,상승공격 + 횡보차단,"금융,운송/해운","화학/정유,자동차,금융",90158262.0,9792640.0,99950902.0,142523.0,-161330.0,-1.1,2,0,0,
2023-09-14,2023-09-15,상승장,1.2,상승공격 + 횡보차단,"금융,운송/해운","자동차,금융,화학/정유",78166194.0,22109450.0,100275644.0,142523.0,324742.0,-1.1,3,2,0,
2023-09-15,2023-09-18,상승장,1.2,상승공격 + 횡보차단,"금융,운송/해운","금융,화학/정유,자동차",80913660.0,20078700.0,100992360.0,375419.0,716716.0,-1.1,3,0,1,
2023-09-18,2023-09-19,상승장,1.2,상승공격 + 횡보차단,"금융,운송/해운",화학/정유,80913660.0,20086000.0,100999660.0,375419.0,7300.0,-1.1,3,0,0,
2023-09-19,2023-09-20,횡보장,0.0,상승공격 + 횡보차단,"금융,운송/해운",,80913660.0,19851550.0,100765210.0,375419.0,-234450.0,-1.1,3,0,0,
2023-09-20,2023-09-21,횡보장,0.0,상승공격 + 횡보차단,"금융,운송/해운",운송/해운,87248257.0,14085000.0,101333257.0,726034.0,568047.0,-1.1,2,0,1,
2023-09-21,2023-09-22,횡보장,0.0,상승공격 + 횡보차단,"금융,운송/해운","엔터/게임,통신",87248257.0,14142000.0,101390257.0,726034.0,57000.0,-1.1,2,0,0,
2023-09-22,2023-09-25,횡보장,0.0,상승공격 + 횡보차단,"금융,운송/해운","방산/우주,PCB,통신",87248257.0,13702800.0,100951057.0,726034.0,-439200.0,-1.1,2,0,0,
2023-09-25,2023-09-26,횡보장,0.0,상승공격 + 횡보차단,"금융,운송/해운","엔터/게임,자동차",87248257.0,13605600.0,100853857.0,726034.0,-97200.0,-1.1,2,0,0,
2023-09-26,2023-09-27,횡보장,0.0,상승공격 + 횡보차단,"금융,운송/해운","화학/정유,금융,인터넷/소프트웨어",87248257.0,13537200.0,100785457.0,726034.0,-68400.0,-1.1,2,0,0,
2023-09-27,2023-10-04,횡보장,0.0,상승공격 + 횡보차단,"금융,운송/해운","화학/정유,자동차",87248257.0,13386000.0,100634257.0,726034.0,-151200.0,-1.1,2,0,0,
2023-10-04,2023-10-05,조정장,0.5,상승공격 + 횡보차단,"금융,운송/해운","인터넷/소프트웨어,자동차,통신",87248257.0,12981000.0,100229257.0,726034.0,-405000.0,-1.15,2,0,0,
2023-10-05,2023-10-06,조정장,0.5,상승공격 + 횡보차단,"운송/해운,지주/밸류업","지주/밸류업,로봇,PCB",83380732.0,16758830.0,100139562.0,834454.0,-89695.0,-1.23,2,2,1,
2023-10-06,2023-10-10,조정장,0.5,상승공격 + 횡보차단,"운송/해운,지주/밸류업",,83380732.0,16437910.0,99818642.0,834454.0,-320920.0,-1.55,2,0,0,
2023-10-10,2023-10-11,조정장,0.5,상승공격 + 횡보차단,"방산/우주,운송/해운","방산/우주,원전/에너지,자동차",88785173.0,10593312.0,99378485.0,118.0,-440157.0,-1.98,2,1,2,
2023-10-11,2023-10-12,조정장,0.5,상승공격 + 횡보차단,"방산/우주,운송/해운",PCB,91647594.0,7906206.0,99553800.0,-262725.0,175315.0,-1.98,2,0,1,
2023-10-12,2023-10-13,횡보장,0.0,상승공격 + 횡보차단,"방산/우주,운송/해운","엔터/게임,바이오,로봇",93058891.0,6547744.0,99606635.0,-422329.0,52835.0,-1.98,2,0,1,
2023-10-13,2023-10-16,횡보장,0.0,상승공격 + 횡보차단,"방산/우주,운송/해운","원전/에너지,화장품",93734134.0,5859226.0,99593360.0,-524268.0,-13275.0,-1.98,2,0,1,
2023-10-16,2023-10-17,조정장,0.5,상승공격 + 횡보차단,"방산/우주,운송/해운",운송/해운,89107437.0,10241298.0,99348735.0,-568899.0,-244625.0,-2.01,3,1,1,
2023-10-17,2023-10-18,횡보장,0.0,상승공격 + 횡보차단,"방산/우주,운송/해운",로봇,89283072.0,10035358.0,99318430.0,-591693.0,-30305.0,-2.04,3,0,1,
2023-10-18,2023-10-19,횡보장,0.0,상승공격 + 횡보차단,"방산/우주,운송/해운","PCB,자동차,금융",89283072.0,10081946.0,99365018.0,-591693.0,46588.0,-2.04,3,0,0,
2023-10-19,2023-10-20,조정장,0.5,상승공격 + 횡보차단,"방산/우주,운송/해운",인터넷/소프트웨어,89283072.0,9828920.0,99111992.0,-591693.0,-253026.0,-2.25,3,0,0,
2023-10-20,2023-10-23,조정장,0.5,상승공격 + 횡보차단,"방산/우주,운송/해운",자동차,86888671.0,12077882.0,98966553.0,-591693.0,-145439.0,-2.39,3,1,0,
2023-10-23,2023-10-24,조정장,0.5,상승공격 + 횡보차단,"방산/우주,운송/해운","전력/전선/인프라,방산/우주,건설",86888671.0,12606604.0,99495275.0,-591693.0,528722.0,-2.39,3,0,0,
2023-10-24,2023-10-25,조정장,0.5,상승공격 + 횡보차단,"방산/우주,운송/해운","로봇,화학/정유,엔터/게임",86888671.0,12637048.0,99525719.0,-591693.0,30444.0,-2.39,3,0,0,
2023-10-25,2023-10-26,조정장,0.5,상승공격 + 횡보차단,"방산/우주,운송/해운","화학/정유,화장품",86888671.0,12749266.0,99637937.0,-591693.0,112218.0,-2.39,3,0,0,
2023-10-26,2023-10-27,조정장,0.5,상승공격 + 횡보차단,"방산/우주,운송/해운","엔터/게임,화학/정유,자동차",86888671.0,12564012.0,99452683.0,-591693.0,-185254.0,-2.39,3,0,0,
2023-10-27,2023-10-30,조정장,0.5,상승공격 + 횡보차단,"방산/우주,운송/해운","엔터/게임,금융",86888671.0,12437490.0,99326161.0,-591693.0,-126522.0,-2.39,3,0,0,
2023-10-30,2023-10-31,조정장,0.5,상승공격 + 횡보차단,"방산/우주,운송/해운","소비/유통/호텔,금융,건설",86978404.0,12715254.0,99693658.0,-601175.0,367497.0,-2.39,3,0,1,
2023-10-31,2023-11-01,조정장,0.5,상승공격 + 횡보차단,"방산/우주,운송/해운","화장품,전력/전선/인프라,인터넷/소프트웨어",87022104.0,12767556.0,99789660.0,-607083.0,96002.0,-2.39,3,0,1,
2023-11-01,2023-11-02,조정장,0.5,상승공격 + 횡보차단,"방산/우주,운송/해운","방산/우주,화장품,전력/전선/인프라",91376536.0,9342689.0,100719225.0,51406.0,929565.0,-2.39,3,0,2,
2023-11-02,2023-11-03,횡보장,0.0,상승공격 + 횡보차단,운송/해운,"엔터/게임,PCB,바이오",95730915.0,5037500.0,100768415.0,709841.0,49190.0,-2.39,1,0,2,
2023-11-03,2023-11-06,횡보장,0.0,상승공격 + 횡보차단,운송/해운,"로봇,엔터/게임",95730915.0,5112500.0,100843415.0,709841.0,75000.0,-2.39,1,0,0,
2023-11-06,2023-11-07,상승장,1.2,상승공격 + 횡보차단,"로봇,운송/해운","로봇,화학/정유",77609251.0,23536340.0,101145591.0,709841.0,302176.0,-2.39,3,2,0,
2023-11-07,2023-11-08,횡보장,0.0,상승공격 + 횡보차단,"로봇,운송/해운",,84008190.0,16839500.0,100847690.0,1033759.0,-297901.0,-2.39,2,0,1,
2023-11-08,2023-11-09,횡보장,0.0,상승공격 + 횡보차단,"로봇,운송/해운",전력/전선/인프라,89773399.0,11055500.0,100828899.0,775646.0,-18791.0,-2.39,2,0,1,
2023-11-09,2023-11-10,횡보장,0.0,상승공격 + 횡보차단,"로봇,운송/해운",지주/밸류업,89773399.0,11145500.0,100918899.0,775646.0,90000.0,-2.39,2,0,0,
2023-11-10,2023-11-13,횡보장,0.0,상승공격 + 횡보차단,"로봇,운송/해운",전력/전선/인프라,89773399.0,10596000.0,100369399.0,775646.0,-549500.0,-2.39,2,0,0,
2023-11-13,2023-11-14,횡보장,0.0,상승공격 + 횡보차단,"로봇,운송/해운",,92506698.0,7842000.0,100348698.0,411237.0,-20701.0,-2.39,2,0,1,
2023-11-14,2023-11-15,횡보장,0.0,상승공격 + 횡보차단,"로봇,운송/해운","자동차,통신",93926325.0,6558000.0,100484325.0,282010.0,135627.0,-2.39,2,0,1,
2023-11-15,2023-11-16,횡보장,0.0,상승공격 + 횡보차단,"로봇,운송/해운",,96663765.0,4010950.0,100674715.0,529987.0,190390.0,-2.39,2,0,1,
2023-11-16,2023-11-17,상승장,1.2,상승공격 + 횡보차단,"로봇,운송/해운","방산/우주,PCB,전력/전선/인프라",96663765.0,4072550.0,100736315.0,529987.0,61600.0,-2.39,2,0,0,
2023-11-17,2023-11-20,상승장,1.2,상승공격 + 횡보차단,"로봇,운송/해운",,93133464.0,7660750.0,100794214.0,529987.0,57899.0,-2.39,2,1,0,
2023-11-20,2023-11-21,상승장,1.2,상승공격 + 횡보차단,"로봇,운송/해운","엔터/게임,조선/기계",93133464.0,7818750.0,100952214.0,529987.0,158000.0,-2.39,2,0,0,
2023-11-21,2023-11-22,상승장,1.2,상승공격 + 횡보차단,"로봇,운송/해운","금융,조선/기계",93133464.0,7844000.0,100977464.0,529987.0,25250.0,-2.39,2,0,0,
2023-11-22,2023-11-23,상승장,1.2,상승공격 + 횡보차단,"로봇,운송/해운","바이오,인터넷/소프트웨어,조선/기계",93133464.0,7626750.0,100760214.0,529987.0,-217250.0,-2.39,2,0,0,
2023-11-23,2023-11-24,상승장,1.2,상승공격 + 횡보차단,"로봇,운송/해운",방산/우주,93133464.0,7752000.0,100885464.0,529987.0,125250.0,-2.39,2,0,0,
2023-11-24,2023-11-27,상승장,1.2,상승공격 + 횡보차단,"로봇,운송/해운","바이오,전력/전선/인프라",93133464.0,7729000.0,100862464.0,529987.0,-23000.0,-2.39,2,0,0,
2023-11-27,2023-11-28,상승장,1.2,상승공격 + 횡보차단,"로봇,운송/해운","PCB,금융",93133464.0,7601250.0,100734714.0,529987.0,-127750.0,-2.39,2,0,0,
2023-11-28,2023-11-29,강한상승장,1.4,상승공격 + 횡보차단,"운송/해운,조선/기계","조선/기계,지주/밸류업,금융",77498842.0,23738500.0,101237342.0,1273899.0,502628.0,-2.39,3,2,1,
2023-11-29,2023-11-30,상승장,1.2,상승공격 + 횡보차단,"운송/해운,조선/기계","방산/우주,자동차,철강/비철",77498842.0,24356000.0,101854842.0,1273899.0,617500.0,-2.39,3,0,0,
2023-11-30,2023-12-01,상승장,1.2,상승공격 + 횡보차단,"운송/해운,조선/기계","자동차,지주/밸류업,방산/우주",77498842.0,24945250.0,102444092.0,1273899.0,589250.0,-2.39,3,0,0,
2023-12-01,2023-12-04,상승장,1.2,상승공격 + 횡보차단,"운송/해운,조선/기계",화학/정유,85029930.0,17413050.0,102442980.0,1676981.0,-1112.0,-2.39,3,0,1,
2023-12-04,2023-12-05,횡보장,0.0,상승공격 + 횡보차단,"운송/해운,조선/기계",운송/해운,96058406.0,6490200.0,102548606.0,2098818.0,105626.0,-2.39,2,0,2,
2023-12-05,2023-12-06,횡보장,0.0,상승공격 + 횡보차단,"운송/해운,조선/기계",원전/에너지,96058406.0,6308250.0,102366656.0,2098818.0,-181950.0,-2.39,2,0,0,
2023-12-06,2023-12-07,상승장,1.2,상승공격 + 횡보차단,"운송/해운,조선/기계",조선/기계,83814610.0,18656350.0,102470960.0,2098818.0,104304.0,-2.39,3,2,0,
2023-12-07,2023-12-08,횡보장,0.0,상승공격 + 횡보차단,"운송/해운,조선/기계",,83814610.0,18395250.0,102209860.0,2098818.0,-261100.0,-2.39,3,0,0,
2023-12-08,2023-12-11,상승장,1.2,상승공격 + 횡보차단,"운송/해운,조선/기계","바이오,PCB",93243125.0,8869400.0,102112525.0,1817651.0,-97335.0,-2.39,2,0,1,
2023-12-11,2023-12-12,상승장,1.2,상승공격 + 횡보차단,운송/해운,,99207375.0,2837500.0,102044875.0,1696838.0,-67650.0,-2.39,1,0,1,
2023-12-12,2023-12-13,상승장,1.2,상승공격 + 횡보차단,"운송/해운,자동차",자동차,80814268.0,21242050.0,102056318.0,1696838.0,11443.0,-2.39,3,2,0,
2023-12-13,2023-12-14,횡보장,0.0,상승공격 + 횡보차단,"운송/해운,자동차",,80814268.0,21222250.0,102036518.0,1696838.0,-19800.0,-2.39,3,0,0,
2023-12-14,2023-12-15,횡보장,0.0,상승공격 + 횡보차단,"운송/해운,자동차","자동차,조선/기계,금융",80814268.0,21212650.0,102026918.0,1696838.0,-9600.0,-2.39,3,0,0,
2023-12-15,2023-12-18,상승장,1.2,상승공격 + 횡보차단,"자동차,조선/기계","조선/기계,금융",71444070.0,31027600.0,102471670.0,2163062.0,444752.0,-2.39,3,1,1,
2023-12-18,2023-12-19,횡보장,0.0,상승공격 + 횡보차단,"자동차,조선/기계",운송/해운,71444070.0,30634400.0,102078470.0,2163062.0,-393200.0,-2.39,3,0,0,
2023-12-19,2023-12-20,횡보장,0.0,상승공격 + 횡보차단,"자동차,조선/기계",엔터/게임,71444070.0,30268600.0,101712670.0,2163062.0,-365800.0,-2.39,3,0,0,
2023-12-20,2023-12-21,상승장,1.2,상승공격 + 횡보차단,"자동차,조선/기계",,77946580.0,24724000.0,102670580.0,2536607.0,957910.0,-2.39,2,0,1,
2023-12-21,2023-12-22,상승장,1.2,상승공격 + 횡보차단,"자동차,조선/기계",,77946580.0,24332000.0,102278580.0,2536607.0,-392000.0,-2.39,2,0,0,
2023-12-22,2023-12-26,상승장,1.2,상승공격 + 횡보차단,"방산/우주,자동차",방산/우주,83047258.0,19493107.0,102540365.0,1429660.0,261785.0,-2.39,2,1,1,
2023-12-26,2023-12-27,상승장,1.2,상승공격 + 횡보차단,"방산/우주,자동차","통신,금융,화학/정유",83047258.0,19366024.0,102413282.0,1429660.0,-127083.0,-2.39,2,0,0,
2023-12-27,2023-12-28,상승장,1.2,상승공격 + 횡보차단,"방산/우주,자동차",통신,89898464.0,12750681.0,102649145.0,2148794.0,235863.0,-2.39,2,0,1,
2023-12-28,2024-01-02,상승장,1.2,상승공격 + 횡보차단,"방산/우주,자동차",금융,89898464.0,12960681.0,102859145.0,2148794.0,210000.0,-2.39,2,0,0,
2024-01-02,2024-01-03,상승장,1.2,상승공격 + 횡보차단,"방산/우주,자동차",PCB,89898464.0,13041593.0,102940057.0,2148794.0,80912.0,-2.39,2,0,0,
2024-01-03,2024-01-04,상승장,1.2,상승공격 + 횡보차단,"방산/우주,자동차","전력/전선/인프라,방산/우주,2차전지",77588215.0,25340389.0,102928604.0,2148794.0,-11453.0,-2.39,3,2,0,
2024-01-04,2024-01-05,상승장,1.2,상승공격 + 횡보차단,"방산/우주,자동차","운송/해운,방산/우주,화학/정유",65260326.0,37280196.0,102540522.0,2148794.0,-388082.0,-2.39,4,1,0,
2024-01-05,2024-01-08,상승장,1.2,상승공격 + 횡보차단,"방산/우주,자동차","엔터/게임,전력/전선/인프라",65260326.0,36678215.0,101938541.0,2148794.0,-601981.0,-2.39,4,0,0,
2024-01-08,2024-01-09,상승장,1.2,상승공격 + 횡보차단,"방산/우주,자동차",,65260326.0,35897429.0,101157755.0,2148794.0,-780786.0,-2.39,4,0,0,
2024-01-09,2024-01-10,상승장,1.2,상승공격 + 횡보차단,"방산/우주,자동차",PCB,65260326.0,35863070.0,101123396.0,2148794.0,-34359.0,-2.39,4,0,0,
2024-01-10,2024-01-11,횡보장,0.0,상승공격 + 횡보차단,"방산/우주,자동차","금융,방산/우주",71799542.0,30291000.0,102090542.0,2569752.0,967146.0,-2.39,3,0,1,
2024-01-11,2024-01-12,횡보장,0.0,상승공격 + 횡보차단,"방산/우주,자동차",지주/밸류업,71799542.0,30259700.0,102059242.0,2569752.0,-31300.0,-2.39,3,0,0,
2024-01-12,2024-01-15,횡보장,0.0,상승공격 + 횡보차단,"방산/우주,자동차","운송/해운,방산/우주,엔터/게임",71799542.0,30192500.0,101992042.0,2569752.0,-67200.0,-2.39,3,0,0,
2024-01-15,2024-01-16,횡보장,0.0,상승공격 + 횡보차단,"방산/우주,자동차",엔터/게임,71799542.0,30254600.0,102054142.0,2569752.0,62100.0,-2.39,3,0,0,
2024-01-16,2024-01-17,횡보장,0.0,상승공격 + 횡보차단,"방산/우주,자동차","음식료,엔터/게임",71799542.0,29869400.0,101668942.0,2569752.0,-385200.0,-2.39,3,0,0,
2024-01-17,2024-01-18,조정장,0.5,상승공격 + 횡보차단,"방산/우주,자동차","음식료,금융,자동차",69273746.0,32005700.0,101279446.0,2569752.0,-389496.0,-2.39,3,1,0,
2024-01-18,2024-01-19,조정장,0.5,상승공격 + 횡보차단,"방산/우주,자동차","음식료,자동차,방산/우주",64327023.0,36825358.0,101152381.0,2569752.0,-127065.0,-2.39,4,1,0,
2024-01-19,2024-01-22,횡보장,0.0,상승공격 + 횡보차단,"방산/우주,자동차",화학/정유,64327023.0,37055732.0,101382755.0,2569752.0,230374.0,-2.39,4,0,0,
2024-01-22,2024-01-23,조정장,0.5,상승공격 + 횡보차단,"방산/우주,자동차","화학/정유,방산/우주",64327023.0,37291408.0,101618431.0,2569752.0,235676.0,-2.39,4,0,0,
2024-01-23,2024-01-24,조정장,0.5,상승공격 + 횡보차단,"방산/우주,자동차","금융,운송/해운",64327023.0,37320886.0,101647909.0,2569752.0,29478.0,-2.39,4,0,0,
2024-01-24,2024-01-25,조정장,0.5,상승공격 + 횡보차단,"방산/우주,자동차","운송/해운,원전/에너지",64327023.0,36915096.0,101242119.0,2569752.0,-405790.0,-2.39,4,0,0,
2024-01-25,2024-01-26,조정장,0.5,상승공격 + 횡보차단,"방산/우주,자동차",엔터/게임,69997950.0,31776714.0,101774664.0,2013188.0,532545.0,-2.39,4,0,1,
2024-01-26,2024-01-29,조정장,0.5,상승공격 + 횡보차단,"방산/우주,자동차",,72708501.0,29035782.0,101744283.0,1673540.0,-30381.0,-2.39,4,0,1,
2024-01-29,2024-01-30,조정장,0.5,상승공격 + 횡보차단,"방산/우주,자동차","엔터/게임,지주/밸류업,인터넷/소프트웨어",74006309.0,28578952.0,102585261.0,1446248.0,840978.0,-2.39,4,0,1,
2024-01-30,2024-01-31,조정장,0.5,상승공격 + 횡보차단,"방산/우주,자동차","지주/밸류업,인터넷/소프트웨어",72188155.0,29688372.0,101876527.0,1311651.0,-708734.0,-2.39,4,1,1,
2024-01-31,2024-02-01,조정장,0.5,상승공격 + 횡보차단,"방산/우주,자동차","지주/밸류업,건설,방산/우주",67346806.0,35764554.0,103111360.0,1243155.0,1234833.0,-2.39,5,1,1,
2024-02-01,2024-02-02,횡보장,0.0,상승공격 + 횡보차단,"방산/우주,자동차",통신,72639505.0,31402548.0,104042053.0,1939707.0,930693.0,-2.39,5,0,2,
2024-02-02,2024-02-05,횡보장,0.0,상승공격 + 횡보차단,방산/우주,운송/해운,94332895.0,11971082.0,106303977.0,6879853.0,2261924.0,-2.39,2,0,3,
2024-02-05,2024-02-06,횡보장,0.0,상승공격 + 횡보차단,방산/우주,,94332895.0,11899370.0,106232265.0,6879853.0,-71712.0,-2.39,2,0,0,
2024-02-06,2024-02-07,횡보장,0.0,상승공격 + 횡보차단,방산/우주,화학/정유,94332895.0,11960474.0,106293369.0,6879853.0,61104.0,-2.39,2,0,0,
2024-02-07,2024-02-08,상승장,1.2,상승공격 + 횡보차단,"방산/우주,운송/해운","방산/우주,운송/해운",68840698.0,37717762.0,106558460.0,6879853.0,265091.0,-2.39,4,2,0,
2024-02-08,2024-02-13,상승장,1.2,상승공격 + 횡보차단,"방산/우주,운송/해운","로봇,방산/우주,철강/비철",68840698.0,37472630.0,106313328.0,6879853.0,-245132.0,-2.39,4,0,0,
2024-02-13,2024-02-14,상승장,1.2,상승공격 + 횡보차단,"방산/우주,운송/해운","바이오,로봇",62451216.0,44096010.0,106547226.0,6879853.0,233898.0,-2.39,4,1,0,
2024-02-14,2024-02-15,상승장,1.2,상승공격 + 횡보차단,"방산/우주,엔터/게임",엔터/게임,68962325.0,39159558.0,108121883.0,7078757.0,1574657.0,-2.39,5,2,2,
2024-02-15,2024-02-16,상승장,1.2,상승공격 + 횡보차단,"방산/우주,엔터/게임",,68962325.0,39018156.0,107980481.0,7078757.0,-141402.0,-2.39,5,0,0,
2024-02-16,2024-02-19,상승장,1.2,상승공격 + 횡보차단,"방산/우주,엔터/게임",화학/정유,62692938.0,44438622.0,107131560.0,7078757.0,-848921.0,-2.39,5,1,0,
2024-02-19,2024-02-20,강한상승장,1.4,상승공격 + 횡보차단,"방산/우주,엔터/게임","통신,방산/우주,화학/정유",62692938.0,45008216.0,107701154.0,7078757.0,569594.0,-2.39,5,0,0,
2024-02-20,2024-02-21,상승장,1.2,상승공격 + 횡보차단,"방산/우주,엔터/게임","방산/우주,전력/전선/인프라,지주/밸류업",66793954.0,40714546.0,107508500.0,7483358.0,-192654.0,-2.39,5,0,1,
2024-02-21,2024-02-22,상승장,1.2,상승공격 + 횡보차단,"방산/우주,엔터/게임","원전/에너지,방산/우주,엔터/게임",74234801.0,34431156.0,108665957.0,8628758.0,1157457.0,-2.39,4,0,1,
2024-02-22,2024-02-23,상승장,1.2,상승공격 + 횡보차단,"방산/우주,엔터/게임","PCB,원전/에너지",80433361.0,29707348.0,110140709.0,9673191.0,1474752.0,-2.39,3,0,1,
2024-02-23,2024-02-26,상승장,1.2,상승공격 + 횡보차단,"방산/우주,엔터/게임",,80433361.0,29378224.0,109811585.0,9673191.0,-329124.0,-2.39,3,0,0,
2024-02-26,2024-02-27,상승장,1.2,상승공격 + 횡보차단,엔터/게임,,84848798.0,25547600.0,110396398.0,10392213.0,584813.0,-2.39,2,0,1,
2024-02-27,2024-02-28,상승장,1.2,상승공격 + 횡보차단,엔터/게임,엔터/게임,84848798.0,23918000.0,108766798.0,10392213.0,-1629600.0,-2.39,2,0,0,
2024-02-28,2024-02-29,상승장,1.2,상승공격 + 횡보차단,"엔터/게임,철강/비철",철강/비철,72190250.0,36647000.0,108837250.0,10392213.0,70452.0,-2.39,3,1,0,
2024-02-29,2024-03-04,상승장,1.2,상승공격 + 횡보차단,"엔터/게임,철강/비철","소비/유통/호텔,엔터/게임,2차전지",80934891.0,27391000.0,108325891.0,9592954.0,-511359.0,-2.39,3,0,1,
2024-03-04,2024-03-05,상승장,1.2,상승공격 + 횡보차단,"엔터/게임,철강/비철",철강/비철,73215377.0,35434000.0,108649377.0,9592954.0,323486.0,-2.39,3,2,0,
2024-03-05,2024-03-06,상승장,1.2,상승공격 + 횡보차단,"엔터/게임,철강/비철","전력/전선/인프라,철강/비철",82822031.0,25033400.0,107855431.0,8887343.0,-793946.0,-2.39,2,0,1,
2024-03-06,2024-03-07,횡보장,0.0,상승공격 + 횡보차단,"엔터/게임,철강/비철",로봇,88808231.0,18745500.0,107553731.0,8170161.0,-301700.0,-2.57,2,0,1,
2024-03-07,2024-03-08,횡보장,0.0,상승공격 + 횡보차단,"엔터/게임,철강/비철",,91806120.0,15821400.0,107627520.0,7816359.0,73789.0,-2.57,2,0,1,
2024-03-08,2024-03-11,상승장,1.2,상승공격 + 횡보차단,"엔터/게임,철강/비철","로봇,엔터/게임",78934583.0,28799100.0,107733683.0,7816359.0,106163.0,-2.57,3,2,0,
2024-03-11,2024-03-12,횡보장,0.0,상승공격 + 횡보차단,"엔터/게임,철강/비철","로봇,엔터/게임",78934583.0,29359800.0,108294383.0,7816359.0,560700.0,-2.57,3,0,0,
2024-03-12,2024-03-13,횡보장,0.0,상승공격 + 횡보차단,"엔터/게임,철강/비철",원전/에너지,85705774.0,23070500.0,108776274.0,8152583.0,481891.0,-2.57,2,0,1,
2024-03-13,2024-03-14,횡보장,0.0,상승공격 + 횡보차단,"엔터/게임,철강/비철","원전/에너지,로봇,지주/밸류업",85705774.0,22865500.0,108571274.0,8152583.0,-205000.0,-2.57,2,0,0,
2024-03-14,2024-03-15,상승장,1.2,상승공격 + 횡보차단,"엔터/게임,철강/비철","조선/기계,로봇,화학/정유",85705774.0,22618000.0,108323774.0,8152583.0,-247500.0,-2.57,2,0,0,
2024-03-15,2024-03-18,횡보장,0.0,상승공격 + 횡보차단,"엔터/게임,철강/비철","조선/기계,로봇",85705774.0,22366000.0,108071774.0,8152583.0,-252000.0,-2.57,2,0,0,
2024-03-18,2024-03-19,횡보장,0.0,상승공격 + 횡보차단,"엔터/게임,철강/비철",조선/기계,85705774.0,22418100.0,108123874.0,8152583.0,52100.0,-2.57,2,0,0,
2024-03-19,2024-03-20,횡보장,0.0,상승공격 + 횡보차단,"엔터/게임,철강/비철","철강/비철,방산/우주",85705774.0,21955800.0,107661574.0,8152583.0,-462300.0,-2.57,2,0,0,
2024-03-20,2024-03-21,횡보장,0.0,상승공격 + 횡보차단,"엔터/게임,철강/비철",,85705774.0,21840200.0,107545974.0,8152583.0,-115600.0,-2.58,2,0,0,
2024-03-21,2024-03-22,상승장,1.2,상승공격 + 횡보차단,"엔터/게임,철강/비철",,85705774.0,21976800.0,107682574.0,8152583.0,136600.0,-2.58,2,0,0,
2024-03-22,2024-03-25,상승장,1.2,상승공격 + 횡보차단,"엔터/게임,철강/비철",인터넷/소프트웨어,85705774.0,22020700.0,107726474.0,8152583.0,43900.0,-2.58,2,0,0,
2024-03-25,2024-03-26,상승장,1.2,상승공격 + 횡보차단,"엔터/게임,철강/비철",엔터/게임,85705774.0,22671000.0,108376774.0,8152583.0,650300.0,-2.58,2,0,0,
2024-03-26,2024-03-27,상승장,1.2,상승공격 + 횡보차단,"엔터/게임,철강/비철","엔터/게임,PCB,방산/우주",72717569.0,35592100.0,108309669.0,8152583.0,-67105.0,-2.58,3,1,0,
2024-03-27,2024-03-28,상승장,1.2,상승공격 + 횡보차단,"엔터/게임,철강/비철",엔터/게임,78367045.0,30983000.0,109350045.0,8808048.0,1040376.0,-2.58,3,0,1,
2024-03-28,2024-03-29,상승장,1.2,상승공격 + 횡보차단,"엔터/게임,철강/비철",철강/비철,71834255.0,37114200.0,108948455.0,8808048.0,-401590.0,-2.58,4,1,0,
2024-03-29,2024-04-01,상승장,1.2,상승공격 + 횡보차단,"엔터/게임,철강/비철","지주/밸류업,로봇",74629810.0,34607400.0,109237210.0,9206478.0,288755.0,-2.58,4,0,1,
2024-04-01,2024-04-02,상승장,1.2,상승공격 + 횡보차단,"엔터/게임,철강/비철",인터넷/소프트웨어,74629810.0,34459000.0,109088810.0,9206478.0,-148400.0,-2.58,4,0,0,
2024-04-02,2024-04-03,상승장,1.2,상승공격 + 횡보차단,"엔터/게임,철강/비철",인터넷/소프트웨어,68215090.0,40442700.0,108657790.0,9206478.0,-431020.0,-2.58,4,1,0,
2024-04-03,2024-04-04,상승장,1.2,상승공격 + 횡보차단,"엔터/게임,철강/비철","건설,철강/비철,금융",68215090.0,40053700.0,108268790.0,9206478.0,-389000.0,-2.58,4,0,0,
2024-04-04,2024-04-05,상승장,1.2,상승공격 + 횡보차단,"엔터/게임,철강/비철","조선/기계,철강/비철",61788342.0,46109100.0,107897442.0,9206478.0,-371348.0,-2.58,5,1,0,
2024-04-05,2024-04-08,상승장,1.2,상승공격 + 횡보차단,"엔터/게임,철강/비철","로봇,화학/정유",61788342.0,45865300.0,107653642.0,9206478.0,-243800.0,-2.58,5,0,0,
2024-04-08,2024-04-09,상승장,1.2,상승공격 + 횡보차단,"엔터/게임,철강/비철",,73972454.0,33690400.0,107662854.0,8402386.0,9212.0,-2.58,4,0,1,
2024-04-09,2024-04-11,횡보장,0.0,상승공격 + 횡보차단,"엔터/게임,철강/비철",,73972454.0,33869900.0,107842354.0,8402386.0,179500.0,-2.58,4,0,0,
2024-04-11,2024-04-12,횡보장,0.0,상승공격 + 횡보차단,"엔터/게임,철강/비철","금융,원전/에너지,인터넷/소프트웨어",73972454.0,33703400.0,107675854.0,8402386.0,-166500.0,-2.58,4,0,0,
2024-04-12,2024-04-15,횡보장,0.0,상승공격 + 횡보차단,"엔터/게임,철강/비철","지주/밸류업,금융,PCB",73972454.0,33384800.0,107357254.0,8402386.0,-318600.0,-2.75,4,0,0,
2024-04-15,2024-04-16,횡보장,0.0,상승공격 + 횡보차단,"엔터/게임,철강/비철",화학/정유,80760805.0,26552100.0,107312905.0,8763989.0,-44349.0,-2.79,3,0,1,
2024-04-16,2024-04-17,횡보장,0.0,상승공격 + 횡보차단,"엔터/게임,철강/비철",철강/비철,80760805.0,26091900.0,106852705.0,8763989.0,-460200.0,-3.21,3,0,0,
2024-04-17,2024-04-18,횡보장,0.0,상승공격 + 횡보차단,"엔터/게임,철강/비철",화장품,80760805.0,25575600.0,106336405.0,8763989.0,-516300.0,-3.68,3,0,0,
2024-04-18,2024-04-19,횡보장,0.0,상승공격 + 횡보차단,"엔터/게임,철강/비철","조선/기계,철강/비철,인터넷/소프트웨어",80760805.0,26830200.0,107591005.0,8763989.0,1254600.0,-3.68,3,0,0,
2024-04-19,2024-04-22,조정장,0.5,상승공격 + 횡보차단,"엔터/게임,철강/비철",,80760805.0,26584500.0,107345305.0,8763989.0,-245700.0,-3.68,3,0,0,
2024-04-22,2024-04-23,조정장,0.5,상승공격 + 횡보차단,"엔터/게임,철강/비철","엔터/게임,금융",78247037.0,29413200.0,107660237.0,8763989.0,314932.0,-3.68,3,1,0,
2024-04-23,2024-04-24,조정장,0.5,상승공격 + 횡보차단,"엔터/게임,철강/비철","조선/기계,엔터/게임,금융",78247037.0,29093700.0,107340737.0,8763989.0,-319500.0,-3.68,3,0,0,
2024-04-24,2024-04-25,횡보장,0.0,상승공격 + 횡보차단,"엔터/게임,철강/비철",2차전지,78247037.0,29330400.0,107577437.0,8763989.0,236700.0,-3.68,3,0,0,
2024-04-25,2024-04-26,조정장,0.5,상승공격 + 횡보차단,"엔터/게임,철강/비철",화장품,78247037.0,29166300.0,107413337.0,8763989.0,-164100.0,-3.68,3,0,0,
2024-04-26,2024-04-29,조정장,0.5,상승공격 + 횡보차단,"엔터/게임,철강/비철",,78247037.0,29014500.0,107261537.0,8763989.0,-151800.0,-3.68,3,0,0,
2024-04-29,2024-04-30,횡보장,0.0,상승공격 + 횡보차단,"엔터/게임,철강/비철","철강/비철,화학/정유",78247037.0,29885400.0,108132437.0,8763989.0,870900.0,-3.68,3,0,0,
2024-04-30,2024-05-02,횡보장,0.0,상승공격 + 횡보차단,"엔터/게임,철강/비철","PCB,인터넷/소프트웨어,금융",78247037.0,29672400.0,107919437.0,8763989.0,-213000.0,-3.68,3,0,0,
2024-05-02,2024-05-03,횡보장,0.0,상승공격 + 횡보차단,철강/비철,인터넷/소프트웨어,83071914.0,24340200.0,107412114.0,8677973.0,-507323.0,-3.68,2,0,1,
2024-05-03,2024-05-07,횡보장,0.0,상승공격 + 횡보차단,철강/비철,,83071914.0,24603900.0,107675814.0,8677973.0,263700.0,-3.68,2,0,0,
2024-05-07,2024-05-08,횡보장,0.0,상승공격 + 횡보차단,철강/비철,,83071914.0,24738900.0,107810814.0,8677973.0,135000.0,-3.68,2,0,0,
2024-05-08,2024-05-09,횡보장,0.0,상승공격 + 횡보차단,철강/비철,원전/에너지,83071914.0,24654900.0,107726814.0,8677973.0,-84000.0,-3.68,2,0,0,
2024-05-09,2024-05-10,횡보장,0.0,상승공격 + 횡보차단,철강/비철,"운송/해운,PCB,원전/에너지",83071914.0,24325800.0,107397714.0,8677973.0,-329100.0,-3.68,2,0,0,
2024-05-10,2024-05-13,횡보장,0.0,상승공격 + 횡보차단,철강/비철,"로봇,운송/해운,금융",83071914.0,24511800.0,107583714.0,8677973.0,186000.0,-3.68,2,0,0,
2024-05-13,2024-05-14,횡보장,0.0,상승공격 + 횡보차단,철강/비철,"엔터/게임,조선/기계,금융",83071914.0,24391200.0,107463114.0,8677973.0,-120600.0,-3.68,2,0,0,
2024-05-14,2024-05-16,횡보장,0.0,상승공격 + 횡보차단,철강/비철,"2차전지,음식료",83071914.0,24605700.0,107677614.0,8677973.0,214500.0,-3.68,2,0,0,
2024-05-16,2024-05-17,횡보장,0.0,상승공격 + 횡보차단,철강/비철,원전/에너지,83071914.0,24630300.0,107702214.0,8677973.0,24600.0,-3.68,2,0,0,
2024-05-17,2024-05-20,상승장,1.2,상승공격 + 횡보차단,"방산/우주,철강/비철",방산/우주,76636095.0,30808050.0,107444145.0,8677973.0,-258069.0,-3.68,3,1,0,
2024-05-20,2024-05-21,상승장,1.2,상승공격 + 횡보차단,"방산/우주,철강/비철","운송/해운,자동차,철강/비철",70201329.0,37538250.0,107739579.0,8677973.0,295434.0,-3.68,4,1,0,
2024-05-21,2024-05-22,상승장,1.2,상승공격 + 횡보차단,"방산/우주,철강/비철","철강/비철,음식료",70201329.0,37203750.0,107405079.0,8677973.0,-334500.0,-3.68,4,0,0,
2024-05-22,2024-05-23,상승장,1.2,상승공격 + 횡보차단,"방산/우주,철강/비철",,70201329.0,36885300.0,107086629.0,8677973.0,-318450.0,-3.68,4,0,0,
2024-05-23,2024-05-24,상승장,1.2,상승공격 + 횡보차단,"방산/우주,철강/비철","엔터/게임,지주/밸류업,2차전지",70201329.0,36493650.0,106694979.0,8677973.0,-391650.0,-3.68,4,0,0,
2024-05-24,2024-05-27,횡보장,0.0,상승공격 + 횡보차단,"방산/우주,철강/비철",인터넷/소프트웨어,70201329.0,36258450.0,106459779.0,8677973.0,-235200.0,-3.68,4,0,0,
2024-05-27,2024-05-28,횡보장,0.0,상승공격 + 횡보차단,"방산/우주,철강/비철",,70201329.0,36744450.0,106945779.0,8677973.0,486000.0,-3.68,4,0,0,
2024-05-28,2024-05-29,상승장,1.2,상승공격 + 횡보차단,"방산/우주,철강/비철","방산/우주,엔터/게임",64195684.0,42350760.0,106546444.0,9015240.0,-399335.0,-3.68,4,1,1,
2024-05-29,2024-05-30,횡보장,0.0,상승공격 + 횡보차단,"방산/우주,철강/비철","방산/우주,인터넷/소프트웨어,금융",70311784.0,35529752.0,105841536.0,8598550.0,-704908.0,-4.13,3,0,1,
2024-05-30,2024-05-31,횡보장,0.0,상승공격 + 횡보차단,"방산/우주,철강/비철",금융,70311784.0,34468636.0,104780420.0,8598550.0,-1061116.0,-5.09,3,0,0,
2024-05-31,2024-06-03,횡보장,0.0,상승공격 + 횡보차단,"방산/우주,철강/비철","금융,통신,인터넷/소프트웨어",70311784.0,34623144.0,104934928.0,8598550.0,154508.0,-5.09,3,0,0,
2024-06-03,2024-06-04,횡보장,0.0,상승공격 + 횡보차단,"방산/우주,철강/비철","운송/해운,화학/정유,음식료",70311784.0,35526960.0,105838744.0,8598550.0,903816.0,-5.09,3,0,0,
2024-06-04,2024-06-05,횡보장,0.0,상승공격 + 횡보차단,"방산/우주,철강/비철",음식료,70311784.0,34935416.0,105247200.0,8598550.0,-591544.0,-5.09,3,0,0,
2024-06-05,2024-06-07,횡보장,0.0,상승공격 + 횡보차단,철강/비철,,82292078.0,23013000.0,105305078.0,7800112.0,57878.0,-5.09,2,0,1,
2024-06-07,2024-06-10,횡보장,0.0,상승공격 + 횡보차단,철강/비철,"PCB,지주/밸류업",82292078.0,23380500.0,105672578.0,7800112.0,367500.0,-5.09,2,0,0,
2024-06-10,2024-06-11,횡보장,0.0,상승공격 + 횡보차단,철강/비철,"지주/밸류업,음식료",82292078.0,22821000.0,105113078.0,7800112.0,-559500.0,-5.09,2,0,0,
2024-06-11,2024-06-12,횡보장,0.0,상승공격 + 횡보차단,철강/비철,"로봇,화장품,음식료",82292078.0,23076000.0,105368078.0,7800112.0,255000.0,-5.09,2,0,0,
2024-06-12,2024-06-13,횡보장,0.0,상승공격 + 횡보차단,철강/비철,"원전/에너지,인터넷/소프트웨어,화장품",88176513.0,16965000.0,105141513.0,7249781.0,-226565.0,-5.09,1,0,1,
2024-06-13,2024-06-14,횡보장,0.0,상승공격 + 횡보차단,철강/비철,"PCB,금융,방산/우주",88176513.0,16875000.0,105051513.0,7249781.0,-90000.0,-5.09,1,0,0,
2024-06-14,2024-06-17,횡보장,0.0,상승공격 + 횡보차단,철강/비철,"운송/해운,화장품,전력/전선/인프라",88176513.0,17100000.0,105276513.0,7249781.0,225000.0,-5.09,1,0,0,
2024-06-17,2024-06-18,횡보장,0.0,상승공격 + 횡보차단,철강/비철,음식료,88176513.0,16695000.0,104871513.0,7249781.0,-405000.0,-5.09,1,0,0,
2024-06-18,2024-06-19,횡보장,0.0,상승공격 + 횡보차단,철강/비철,운송/해운,88176513.0,16560000.0,104736513.0,7249781.0,-135000.0,-5.13,1,0,0,
2024-06-19,2024-06-20,상승장,1.2,상승공격 + 횡보차단,"조선/기계,철강/비철","조선/기계,음식료",65627419.0,39155400.0,104782819.0,7249781.0,46306.0,-5.13,3,3,0,
2024-06-20,2024-06-21,상승장,1.2,상승공격 + 횡보차단,"조선/기계,철강/비철",운송/해운,65627419.0,39203950.0,104831369.0,7249781.0,48550.0,-5.13,3,0,0,
2024-06-21,2024-06-24,횡보장,0.0,상승공격 + 횡보차단,"조선/기계,철강/비철","조선/기계,금융,화장품",65627419.0,39044250.0,104671669.0,7249781.0,-159700.0,-5.19,3,0,0,
2024-06-24,2024-06-25,상승장,1.2,상승공격 + 횡보차단,"조선/기계,철강/비철",,65627419.0,39293500.0,104920919.0,7249781.0,249250.0,-5.19,3,0,0,
2024-06-25,2024-06-26,횡보장,0.0,상승공격 + 횡보차단,"조선/기계,철강/비철",운송/해운,65627419.0,39051800.0,104679219.0,7249781.0,-241700.0,-5.19,3,0,0,
2024-06-26,2024-06-27,상승장,1.2,상승공격 + 횡보차단,"조선/기계,철강/비철","철강/비철,PCB",59409150.0,44839200.0,104248350.0,7249781.0,-430869.0,-5.57,4,1,0,
2024-06-27,2024-06-28,상승장,1.2,상승공격 + 횡보차단,"조선/기계,철강/비철","운송/해운,2차전지,원전/에너지",65018967.0,39376000.0,104394967.0,6579838.0,146617.0,-5.57,3,0,1,
2024-06-28,2024-07-01,상승장,1.2,상승공격 + 횡보차단,"조선/기계,철강/비철","화학/정유,2차전지,엔터/게임",65018967.0,39643000.0,104661967.0,6579838.0,267000.0,-5.57,3,0,0,
2024-07-01,2024-07-02,상승장,1.2,상승공격 + 횡보차단,"조선/기계,철강/비철","인터넷/소프트웨어,음식료,화장품",71840242.0,33225300.0,105065542.0,7056955.0,403575.0,-5.57,3,0,1,
2024-07-02,2024-07-03,상승장,1.2,상승공격 + 횡보차단,"조선/기계,철강/비철",화장품,71840242.0,32968900.0,104809142.0,7056955.0,-256400.0,-5.57,3,0,0,
2024-07-03,2024-07-04,상승장,1.2,상승공격 + 횡보차단,"조선/기계,철강/비철",화장품,71840242.0,33174900.0,105015142.0,7056955.0,206000.0,-5.57,3,0,0,
2024-07-04,2024-07-05,상승장,1.2,상승공격 + 횡보차단,"조선/기계,철강/비철",,71840242.0,33740400.0,105580642.0,7056955.0,565500.0,-5.57,3,0,0,
2024-07-05,2024-07-08,상승장,1.2,상승공격 + 횡보차단,"조선/기계,철강/비철","지주/밸류업,인터넷/소프트웨어",71840242.0,33658400.0,105498642.0,7056955.0,-82000.0,-5.57,3,0,0,
2024-07-08,2024-07-09,상승장,1.2,상승공격 + 횡보차단,"조선/기계,철강/비철",인터넷/소프트웨어,71840242.0,33842500.0,105682742.0,7056955.0,184100.0,-5.57,3,0,0,
2024-07-09,2024-07-10,상승장,1.2,상승공격 + 횡보차단,"조선/기계,철강/비철",전력/전선/인프라,71840242.0,33606400.0,105446642.0,7056955.0,-236100.0,-5.57,3,0,0,
2024-07-10,2024-07-11,상승장,1.2,상승공격 + 횡보차단,"조선/기계,철강/비철","인터넷/소프트웨어,조선/기계,PCB",69061415.0,36285600.0,105347015.0,7426151.0,-99627.0,-5.57,4,1,1,
2024-07-11,2024-07-12,상승장,1.2,상승공격 + 횡보차단,"조선/기계,철강/비철","철강/비철,로봇,음식료",69061415.0,37801600.0,106863015.0,7426151.0,1516000.0,-5.57,4,0,0,
2024-07-12,2024-07-15,상승장,1.2,상승공격 + 횡보차단,"조선/기계,철강/비철","지주/밸류업,철강/비철",69061415.0,37835700.0,106897115.0,7426151.0,34100.0,-5.57,4,0,0,
2024-07-15,2024-07-16,상승장,1.2,상승공격 + 횡보차단,"조선/기계,철강/비철",음식료,69061415.0,37570800.0,106632215.0,7426151.0,-264900.0,-5.57,4,0,0,
2024-07-16,2024-07-17,상승장,1.2,상승공격 + 횡보차단,"지주/밸류업,철강/비철","지주/밸류업,화학/정유",60492452.0,46118700.0,106611152.0,8581303.0,-21063.0,-5.57,4,2,2,
2024-07-17,2024-07-18,횡보장,0.0,상승공격 + 횡보차단,"지주/밸류업,철강/비철","화학/정유,건설,화장품",73145783.0,32782600.0,105928383.0,8494398.0,-682769.0,-5.57,3,0,1,
2024-07-18,2024-07-19,횡보장,0.0,상승공격 + 횡보차단,"지주/밸류업,철강/비철","화학/정유,화장품,건설",93174610.0,12337300.0,105511910.0,5721401.0,-416473.0,-5.57,2,0,1,
2024-07-19,2024-07-22,횡보장,0.0,상승공격 + 횡보차단,"지주/밸류업,철강/비철",,93174610.0,12287500.0,105462110.0,5721401.0,-49800.0,-5.57,2,0,0,
2024-07-22,2024-07-23,횡보장,0.0,상승공격 + 횡보차단,"지주/밸류업,철강/비철","금융,화장품",93174610.0,12293400.0,105468010.0,5721401.0,5900.0,-5.57,2,0,0,
2024-07-23,2024-07-24,횡보장,0.0,상승공격 + 횡보차단,"지주/밸류업,철강/비철",인터넷/소프트웨어,93174610.0,12119800.0,105294410.0,5721401.0,-173600.0,-5.57,2,0,0,
2024-07-24,2024-07-25,횡보장,0.0,상승공격 + 횡보차단,"지주/밸류업,철강/비철","금융,철강/비철",93174610.0,11949900.0,105124510.0,5721401.0,-169900.0,-5.57,2,0,0,
2024-07-25,2024-07-26,횡보장,0.0,상승공격 + 횡보차단,철강/비철,"조선/기계,인터넷/소프트웨어",99212291.0,5862000.0,105074291.0,5430561.0,-50219.0,-5.57,1,0,1,
2024-07-26,2024-07-29,횡보장,0.0,상승공격 + 횡보차단,철강/비철,건설,99212291.0,5940000.0,105152291.0,5430561.0,78000.0,-5.57,1,0,0,
2024-07-29,2024-07-30,횡보장,0.0,상승공격 + 횡보차단,철강/비철,지주/밸류업,99212291.0,5940000.0,105152291.0,5430561.0,0.0,-5.57,1,0,0,
2024-07-30,2024-07-31,횡보장,0.0,상승공격 + 횡보차단,철강/비철,,99212291.0,5820000.0,105032291.0,5430561.0,-120000.0,-5.57,1,0,0,
2024-07-31,2024-08-01,횡보장,0.0,상승공격 + 횡보차단,철강/비철,"원전/에너지,2차전지,화장품",99212291.0,5808000.0,105020291.0,5430561.0,-12000.0,-5.57,1,0,0,
2024-08-01,2024-08-02,횡보장,0.0,상승공격 + 횡보차단,철강/비철,"PCB,2차전지",99212291.0,5868000.0,105080291.0,5430561.0,60000.0,-5.57,1,0,0,
2024-08-02,2024-08-05,급락일,0.0,상승공격 + 횡보차단,철강/비철,PCB,99212291.0,5784000.0,104996291.0,5430561.0,-84000.0,-5.57,1,0,0,
2024-08-05,2024-08-06,급락일,0.0,상승공격 + 횡보차단,철강/비철,"인터넷/소프트웨어,자동차,철강/비철",99212291.0,5454000.0,104666291.0,5430561.0,-330000.0,-5.57,1,0,0,
2024-08-06,2024-08-07,하락장,0.0,상승공격 + 횡보차단,철강/비철,,99212291.0,5610000.0,104822291.0,5430561.0,156000.0,-5.57,1,0,0,
2024-08-07,2024-08-08,하락장,0.0,상승공격 + 횡보차단,철강/비철,"화장품,엔터/게임",99212291.0,6096000.0,105308291.0,5430561.0,486000.0,-5.57,1,0,0,
2024-08-08,2024-08-09,하락장,0.0,상승공격 + 횡보차단,철강/비철,,99212291.0,6180000.0,105392291.0,5430561.0,84000.0,-5.57,1,0,0,
2024-08-09,2024-08-12,하락장,0.0,상승공격 + 횡보차단,철강/비철,"인터넷/소프트웨어,화학/정유",99212291.0,6168000.0,105380291.0,5430561.0,-12000.0,-5.57,1,0,0,
2024-08-12,2024-08-13,조정장,0.5,상승공격 + 횡보차단,철강/비철,,99212291.0,6216000.0,105428291.0,5430561.0,48000.0,-5.57,1,0,0,
2024-08-13,2024-08-14,조정장,0.5,상승공격 + 횡보차단,"음식료,철강/비철",음식료,93971265.0,11223000.0,105194265.0,5430561.0,-234026.0,-5.57,2,1,0,
2024-08-14,2024-08-16,조정장,0.5,상승공격 + 횡보차단,"음식료,철강/비철","음식료,엔터/게임",93971265.0,11049000.0,105020265.0,5430561.0,-174000.0,-5.57,2,0,0,
2024-08-16,2024-08-19,조정장,0.5,상승공격 + 횡보차단,"음식료,철강/비철","PCB,조선/기계",91762195.0,13352000.0,105114195.0,5430561.0,93930.0,-5.57,2,1,0,
2024-08-19,2024-08-20,조정장,0.5,상승공격 + 횡보차단,"음식료,철강/비철",금융,91762195.0,13085000.0,104847195.0,5430561.0,-267000.0,-5.57,2,0,0,
2024-08-20,2024-08-21,조정장,0.5,상승공격 + 횡보차단,"금융,철강/비철",금융,93297895.0,11598200.0,104896095.0,4724917.0,48900.0,-5.57,2,1,1,
2024-08-21,2024-08-22,조정장,0.5,상승공격 + 횡보차단,"금융,철강/비철",철강/비철,88291406.0,16411100.0,104702506.0,4724917.0,-193589.0,-5.57,3,1,0,
2024-08-22,2024-08-23,횡보장,0.0,상승공격 + 횡보차단,"금융,철강/비철","철강/비철,화학/정유",88291406.0,16642000.0,104933406.0,4724917.0,230900.0,-5.57,3,0,0,
2024-08-23,2024-08-26,횡보장,0.0,상승공격 + 횡보차단,"금융,철강/비철","지주/밸류업,PCB",88291406.0,16542400.0,104833806.0,4724917.0,-99600.0,-5.57,3,0,0,
2024-08-26,2024-08-27,횡보장,0.0,상승공격 + 횡보차단,"금융,철강/비철",금융,88291406.0,16812000.0,105103406.0,4724917.0,269600.0,-5.57,3,0,0,
2024-08-27,2024-08-28,조정장,0.5,상승공격 + 횡보차단,"금융,철강/비철","화학/정유,전력/전선/인프라,자동차",94816364.0,10282400.0,105098764.0,5031605.0,-4642.0,-5.57,2,0,1,
2024-08-28,2024-08-29,횡보장,0.0,상승공격 + 횡보차단,"금융,철강/비철","원전/에너지,화장품,PCB",94816364.0,10023900.0,104840264.0,5031605.0,-258500.0,-5.57,2,0,0,
2024-08-29,2024-08-30,조정장,0.5,상승공격 + 횡보차단,"금융,철강/비철","전력/전선/인프라,PCB",94816364.0,10177700.0,104994064.0,5031605.0,153800.0,-5.57,2,0,0,
2024-08-30,2024-09-02,조정장,0.5,상승공격 + 횡보차단,"금융,철강/비철","조선/기계,지주/밸류업,금융",94816364.0,10082200.0,104898564.0,5031605.0,-95500.0,-5.57,2,0,0,
2024-09-02,2024-09-03,횡보장,0.0,상승공격 + 횡보차단,"금융,철강/비철","철강/비철,화장품",94816364.0,10486600.0,105302964.0,5031605.0,404400.0,-5.57,2,0,0,
2024-09-03,2024-09-04,상승장,1.2,상승공격 + 횡보차단,"금융,철강/비철","방산/우주,화장품,지주/밸류업",94816364.0,10431000.0,105247364.0,5031605.0,-55600.0,-5.57,2,0,0,
2024-09-04,2024-09-05,횡보장,0.0,상승공격 + 횡보차단,"금융,철강/비철",인터넷/소프트웨어,94816364.0,10061300.0,104877664.0,5031605.0,-369700.0,-5.57,2,0,0,
2024-09-05,2024-09-06,횡보장,0.0,상승공격 + 횡보차단,"금융,철강/비철","통신,조선/기계",94816364.0,10044300.0,104860664.0,5031605.0,-17000.0,-5.57,2,0,0,
2024-09-06,2024-09-09,횡보장,0.0,상승공격 + 횡보차단,"금융,철강/비철",통신,94816364.0,9781400.0,104597764.0,5031605.0,-262900.0,-5.57,2,0,0,
2024-09-09,2024-09-10,조정장,0.5,상승공격 + 횡보차단,"금융,철강/비철","금융,화장품,음식료",92246768.0,12282200.0,104528968.0,5031605.0,-68796.0,-5.57,2,1,0,
2024-09-10,2024-09-11,조정장,0.5,상승공격 + 횡보차단,"금융,철강/비철",,92246768.0,12343100.0,104589868.0,5031605.0,60900.0,-5.57,2,0,0,
2024-09-11,2024-09-12,조정장,0.5,상승공격 + 횡보차단,"금융,철강/비철",방산/우주,90685184.0,13621100.0,104306284.0,5031605.0,-283584.0,-5.57,2,1,0,
2024-09-12,2024-09-13,조정장,0.5,상승공격 + 횡보차단,"금융,철강/비철",철강/비철,90685184.0,13890400.0,104575584.0,5031605.0,269300.0,-5.57,2,0,0,
2024-09-13,2024-09-19,조정장,0.5,상승공격 + 횡보차단,"금융,철강/비철","원전/에너지,조선/기계",93646358.0,11506200.0,105152558.0,5322652.0,576974.0,-5.57,2,0,1,
2024-09-19,2024-09-20,조정장,0.5,상승공격 + 횡보차단,"금융,철강/비철",철강/비철,93646358.0,11621000.0,105267358.0,5322652.0,114800.0,-5.57,2,0,0,
2024-09-20,2024-09-23,조정장,0.5,상승공격 + 횡보차단,"금융,철강/비철","방산/우주,자동차,인터넷/소프트웨어",93646358.0,11737400.0,105383758.0,5322652.0,116400.0,-5.57,2,0,0,
2024-09-23,2024-09-24,조정장,0.5,상승공격 + 횡보차단,"금융,철강/비철",인터넷/소프트웨어,93646358.0,11921500.0,105567858.0,5322652.0,184100.0,-5.57,2,0,0,
2024-09-24,2024-09-25,조정장,0.5,상승공격 + 횡보차단,"금융,철강/비철",화학/정유,93646358.0,11636500.0,105282858.0,5322652.0,-285000.0,-5.57,2,0,0,
2024-09-25,2024-09-26,조정장,0.5,상승공격 + 횡보차단,"금융,철강/비철","화장품,지주/밸류업",93646358.0,11137900.0,104784258.0,5322652.0,-498600.0,-5.57,2,0,0,
2024-09-26,2024-09-27,횡보장,0.0,상승공격 + 횡보차단,"금융,철강/비철",,93646358.0,11531800.0,105178158.0,5322652.0,393900.0,-5.57,2,0,0,
2024-09-27,2024-09-30,횡보장,0.0,상승공격 + 횡보차단,"금융,철강/비철","조선/기계,화장품",93646358.0,11839700.0,105486058.0,5322652.0,307900.0,-5.57,2,0,0,
2024-09-30,2024-10-02,조정장,0.5,상승공격 + 횡보차단,"금융,철강/비철",,93646358.0,11513100.0,105159458.0,5322652.0,-326600.0,-5.57,2,0,0,
2024-10-02,2024-10-04,조정장,0.5,상승공격 + 횡보차단,"금융,철강/비철","방산/우주,음식료",93646358.0,11490200.0,105136558.0,5322652.0,-22900.0,-5.57,2,0,0,
2024-10-04,2024-10-07,조정장,0.5,상승공격 + 횡보차단,"금융,철강/비철",,93646358.0,11586400.0,105232758.0,5322652.0,96200.0,-5.57,2,0,0,
2024-10-07,2024-10-08,조정장,0.5,상승공격 + 횡보차단,"금융,철강/비철","전력/전선/인프라,조선/기계",93646358.0,12168700.0,105815058.0,5322652.0,582300.0,-5.57,2,0,0,
2024-10-08,2024-10-10,조정장,0.5,상승공격 + 횡보차단,"금융,철강/비철",,93646358.0,12376600.0,106022958.0,5322652.0,207900.0,-5.57,2,0,0,
2024-10-10,2024-10-11,횡보장,0.0,상승공격 + 횡보차단,"금융,철강/비철",인터넷/소프트웨어,93646358.0,12399600.0,106045958.0,5322652.0,23000.0,-5.57,2,0,0,
2024-10-11,2024-10-14,횡보장,0.0,상승공격 + 횡보차단,"금융,철강/비철",,93646358.0,12520700.0,106167058.0,5322652.0,121100.0,-5.57,2,0,0,
2024-10-14,2024-10-15,횡보장,0.0,상승공격 + 횡보차단,"금융,철강/비철",PCB,98914214.0,7800300.0,106714514.0,5877698.0,547456.0,-5.57,2,0,1,
2024-10-15,2024-10-16,상승장,1.2,상승공격 + 횡보차단,"금융,철강/비철","PCB,원전/에너지,조선/기계",98914214.0,7629900.0,106544114.0,5877698.0,-170400.0,-5.57,2,0,0,
2024-10-16,2024-10-17,횡보장,0.0,상승공격 + 횡보차단,"금융,철강/비철","원전/에너지,통신,지주/밸류업",98914214.0,7584100.0,106498314.0,5877698.0,-45800.0,-5.57,2,0,0,
2024-10-17,2024-10-18,상승장,1.2,상승공격 + 횡보차단,"금융,철강/비철",지주/밸류업,98914214.0,7457300.0,106371514.0,5877698.0,-126800.0,-5.57,2,0,0,
2024-10-18,2024-10-21,횡보장,0.0,상승공격 + 횡보차단,금융,,101327151.0,5097600.0,106424751.0,5954274.0,53237.0,-5.57,1,0,1,
2024-10-21,2024-10-22,횡보장,0.0,상승공격 + 횡보차단,금융,로봇,101327151.0,5049000.0,106376151.0,5954274.0,-48600.0,-5.57,1,0,0,
2024-10-22,2024-10-23,횡보장,0.0,상승공격 + 횡보차단,금융,"인터넷/소프트웨어,전력/전선/인프라",101327151.0,5081400.0,106408551.0,5954274.0,32400.0,-5.57,1,0,0,
2024-10-23,2024-10-24,횡보장,0.0,상승공격 + 횡보차단,금융,"전력/전선/인프라,PCB,2차전지",101327151.0,5092200.0,106419351.0,5954274.0,10800.0,-5.57,1,0,0,
2024-10-24,2024-10-25,횡보장,0.0,상승공격 + 횡보차단,금융,2차전지,101327151.0,5032800.0,106359951.0,5954274.0,-59400.0,-5.57,1,0,0,
2024-10-25,2024-10-28,횡보장,0.0,상승공격 + 횡보차단,금융,"지주/밸류업,조선/기계",101327151.0,5454000.0,106781151.0,5954274.0,421200.0,-5.57,1,0,0,
2024-10-28,2024-10-29,횡보장,0.0,상승공격 + 횡보차단,금융,"원전/에너지,조선/기계",101327151.0,5194800.0,106521951.0,5954274.0,-259200.0,-5.57,1,0,0,
2024-10-29,2024-10-30,횡보장,0.0,상승공격 + 횡보차단,금융,"원전/에너지,방산/우주",101327151.0,5157000.0,106484151.0,5954274.0,-37800.0,-5.57,1,0,0,
2024-10-30,2024-10-31,횡보장,0.0,상승공격 + 횡보차단,금융,"인터넷/소프트웨어,PCB",101327151.0,5070600.0,106397751.0,5954274.0,-86400.0,-5.57,1,0,0,
2024-10-31,2024-11-01,횡보장,0.0,상승공격 + 횡보차단,금융,"PCB,지주/밸류업,원전/에너지",101327151.0,4876200.0,106203351.0,5954274.0,-194400.0,-5.57,1,0,0,
2024-11-01,2024-11-04,횡보장,0.0,상승공격 + 횡보차단,금융,"화장품,화학/정유",101327151.0,4957200.0,106284351.0,5954274.0,81000.0,-5.57,1,0,0,
2024-11-04,2024-11-05,횡보장,0.0,상승공격 + 횡보차단,금융,"엔터/게임,음식료,인터넷/소프트웨어",101327151.0,4897800.0,106224951.0,5954274.0,-59400.0,-5.57,1,0,0,
2024-11-05,2024-11-06,횡보장,0.0,상승공격 + 횡보차단,금융,"엔터/게임,PCB,음식료",101327151.0,4914000.0,106241151.0,5954274.0,16200.0,-5.57,1,0,0,
2024-11-06,2024-11-07,횡보장,0.0,상승공격 + 횡보차단,금융,"전력/전선/인프라,조선/기계",101327151.0,5076000.0,106403151.0,5954274.0,162000.0,-5.57,1,0,0,
2024-11-07,2024-11-08,횡보장,0.0,상승공격 + 횡보차단,금융,원전/에너지,101327151.0,5081400.0,106408551.0,5954274.0,5400.0,-5.57,1,0,0,
2024-11-08,2024-11-11,횡보장,0.0,상승공격 + 횡보차단,금융,"통신,인터넷/소프트웨어",101327151.0,5032800.0,106359951.0,5954274.0,-48600.0,-5.57,1,0,0,
2024-11-11,2024-11-12,조정장,0.5,상승공격 + 횡보차단,"PCB,금융","PCB,통신",96001733.0,10329925.0,106331658.0,5954274.0,-28293.0,-5.57,2,1,0,
2024-11-12,2024-11-13,조정장,0.5,상승공격 + 횡보차단,"PCB,금융",인터넷/소프트웨어,96001733.0,10351556.0,106353289.0,5954274.0,21631.0,-5.57,2,0,0,
2024-11-13,2024-11-14,조정장,0.5,상승공격 + 횡보차단,"금융,철강/비철",철강/비철,96099426.0,10116000.0,106215426.0,5940513.0,-137863.0,-5.57,2,1,1,
2024-11-14,2024-11-15,조정장,0.5,상승공격 + 횡보차단,"금융,철강/비철","원전/에너지,철강/비철,인터넷/소프트웨어",93471796.0,13041700.0,106513496.0,5940513.0,298070.0,-5.57,2,1,0,
2024-11-15,2024-11-18,조정장,0.5,상승공격 + 횡보차단,"금융,철강/비철",엔터/게임,93471796.0,12431800.0,105903596.0,5940513.0,-609900.0,-5.57,2,0,0,
2024-11-18,2024-11-19,조정장,0.5,상승공격 + 횡보차단,"금융,자동차","자동차,지주/밸류업",93405936.0,12802500.0,106208436.0,5880666.0,304840.0,-5.57,2,1,1,
2024-11-19,2024-11-20,조정장,0.5,상승공격 + 횡보차단,"금융,자동차","엔터/게임,원전/에너지,화학/정유",93405936.0,12774800.0,106180736.0,5880666.0,-27700.0,-5.57,2,0,0,
2024-11-20,2024-11-21,조정장,0.5,상승공격 + 횡보차단,"금융,자동차","방산/우주,금융,통신",93405936.0,13178800.0,106584736.0,5880666.0,404000.0,-5.57,2,0,0,
2024-11-21,2024-11-22,조정장,0.5,상승공격 + 횡보차단,"금융,자동차",통신,93405936.0,13247900.0,106653836.0,5880666.0,69100.0,-5.57,2,0,0,
2024-11-22,2024-11-25,조정장,0.5,상승공격 + 횡보차단,"금융,자동차",전력/전선/인프라,93405936.0,13375200.0,106781136.0,5880666.0,127300.0,-5.57,2,0,0,
2024-11-25,2024-11-26,조정장,0.5,상승공격 + 횡보차단,"금융,자동차","철강/비철,건설,인터넷/소프트웨어",93405936.0,13390000.0,106795936.0,5880666.0,14800.0,-5.57,2,0,0,
2024-11-26,2024-11-27,조정장,0.5,상승공격 + 횡보차단,"금융,자동차","운송/해운,통신",93405936.0,13332000.0,106737936.0,5880666.0,-58000.0,-5.57,2,0,0,
2024-11-27,2024-11-28,조정장,0.5,상승공격 + 횡보차단,"금융,자동차","통신,엔터/게임",93405936.0,13496100.0,106902036.0,5880666.0,164100.0,-5.57,2,0,0,
2024-11-28,2024-11-29,횡보장,0.0,상승공격 + 횡보차단,"금융,자동차",엔터/게임,93405936.0,13390000.0,106795936.0,5880666.0,-106100.0,-5.57,2,0,0,
2024-11-29,2024-12-02,조정장,0.5,상승공격 + 횡보차단,"금융,자동차","운송/해운,2차전지,원전/에너지",93405936.0,13228600.0,106634536.0,5880666.0,-161400.0,-5.57,2,0,0,
2024-12-02,2024-12-03,조정장,0.5,상승공격 + 횡보차단,"금융,자동차","철강/비철,엔터/게임",93405936.0,13185200.0,106591136.0,5880666.0,-43400.0,-5.57,2,0,0,
2024-12-03,2024-12-04,조정장,0.5,상승공격 + 횡보차단,"금융,자동차","철강/비철,금융,전력/전선/인프라",93405936.0,13547600.0,106953536.0,5880666.0,362400.0,-5.57,2,0,0,
2024-12-04,2024-12-05,조정장,0.5,상승공격 + 횡보차단,"금융,자동차","PCB,음식료,통신",93405936.0,12934200.0,106340136.0,5880666.0,-613400.0,-5.57,2,0,0,
2024-12-05,2024-12-06,조정장,0.5,상승공격 + 횡보차단,"금융,자동차",,90958319.0,14483400.0,105441719.0,5880666.0,-898417.0,-5.57,2,1,0,
2024-12-06,2024-12-09,조정장,0.5,상승공격 + 횡보차단,"금융,자동차",,90958319.0,14405900.0,105364219.0,5880666.0,-77500.0,-5.57,2,0,0,
2024-12-09,2024-12-10,조정장,0.5,상승공격 + 횡보차단,"금융,자동차","2차전지,엔터/게임",90958319.0,14108400.0,105066719.0,5880666.0,-297500.0,-5.57,2,0,0,
2024-12-10,2024-12-11,횡보장,0.0,상승공격 + 횡보차단,자동차,"로봇,음식료,화장품",97814913.0,7578000.0,105392913.0,5482508.0,326194.0,-5.57,1,0,1,
2024-12-11,2024-12-12,횡보장,0.0,상승공격 + 횡보차단,자동차,"조선/기계,화장품",97814913.0,7524000.0,105338913.0,5482508.0,-54000.0,-5.57,1,0,0,
2024-12-12,2024-12-13,상승장,1.2,상승공격 + 횡보차단,"자동차,전력/전선/인프라","전력/전선/인프라,2차전지,지주/밸류업",79319972.0,26123500.0,105443472.0,5482508.0,104559.0,-5.57,3,2,0,
2024-12-13,2024-12-16,상승장,1.2,상승공격 + 횡보차단,"자동차,전력/전선/인프라",PCB,79319972.0,26036000.0,105355972.0,5482508.0,-87500.0,-5.57,3,0,0,
2024-12-16,2024-12-17,횡보장,0.0,상승공격 + 횡보차단,"자동차,전력/전선/인프라","PCB,전력/전선/인프라,음식료",79319972.0,26457000.0,105776972.0,5482508.0,421000.0,-5.57,3,0,0,
2024-12-17,2024-12-18,횡보장,0.0,상승공격 + 횡보차단,"자동차,전력/전선/인프라","전력/전선/인프라,PCB,방산/우주",79319972.0,26645500.0,105965472.0,5482508.0,188500.0,-5.57,3,0,0,
2024-12-18,2024-12-19,횡보장,0.0,상승공격 + 횡보차단,"자동차,전력/전선/인프라",조선/기계,79319972.0,26219000.0,105538972.0,5482508.0,-426500.0,-5.57,3,0,0,
2024-12-19,2024-12-20,횡보장,0.0,상승공격 + 횡보차단,"자동차,전력/전선/인프라","음식료,조선/기계",79319972.0,25855000.0,105174972.0,5482508.0,-364000.0,-5.57,3,0,0,
2024-12-20,2024-12-23,조정장,0.5,상승공격 + 횡보차단,"자동차,전력/전선/인프라","철강/비철,원전/에너지,2차전지",79319972.0,25389000.0,104708972.0,5482508.0,-466000.0,-5.57,3,0,0,
2024-12-23,2024-12-24,조정장,0.5,상승공격 + 횡보차단,"자동차,전력/전선/인프라",,79319972.0,26338500.0,105658472.0,5482508.0,949500.0,-5.57,3,0,0,
2024-12-24,2024-12-26,조정장,0.5,상승공격 + 횡보차단,"자동차,전력/전선/인프라","PCB,로봇",79319972.0,26149500.0,105469472.0,5482508.0,-189000.0,-5.57,3,0,0,
2024-12-26,2024-12-27,조정장,0.5,상승공격 + 횡보차단,"자동차,전력/전선/인프라","PCB,지주/밸류업",84781382.0,20733000.0,105514382.0,4769749.0,44910.0,-5.57,2,0,1,
2024-12-27,2024-12-30,조정장,0.5,상승공격 + 횡보차단,"자동차,전력/전선/인프라",,84781382.0,20659500.0,105440882.0,4769749.0,-73500.0,-5.57,2,0,0,
2024-12-30,2025-01-02,횡보장,0.0,상승공격 + 횡보차단,"자동차,전력/전선/인프라","로봇,운송/해운",84781382.0,20238000.0,105019382.0,4769749.0,-421500.0,-5.57,2,0,0,
2025-01-02,2025-01-03,횡보장,0.0,상승공격 + 횡보차단,"자동차,전력/전선/인프라","운송/해운,전력/전선/인프라,지주/밸류업",84781382.0,21045000.0,105826382.0,4769749.0,807000.0,-5.57,2,0,0,
2025-01-03,2025-01-06,횡보장,0.0,상승공격 + 횡보차단,"자동차,전력/전선/인프라",,84781382.0,20868000.0,105649382.0,4769749.0,-177000.0,-5.57,2,0,0,
2025-01-06,2025-01-07,횡보장,0.0,상승공격 + 횡보차단,"자동차,전력/전선/인프라",화장품,84781382.0,20682000.0,105463382.0,4769749.0,-186000.0,-5.57,2,0,0,
2025-01-07,2025-01-08,횡보장,0.0,상승공격 + 횡보차단,"자동차,전력/전선/인프라","엔터/게임,PCB",84781382.0,20746500.0,105527882.0,4769749.0,64500.0,-5.57,2,0,0,
2025-01-08,2025-01-09,상승장,1.2,상승공격 + 횡보차단,"자동차,전력/전선/인프라","2차전지,철강/비철",84781382.0,20886000.0,105667382.0,4769749.0,139500.0,-5.57,2,0,0,
2025-01-09,2025-01-10,상승장,1.2,상승공격 + 횡보차단,"자동차,전력/전선/인프라","화학/정유,전력/전선/인프라,방산/우주",85300396.0,20602500.0,105902896.0,5308810.0,235514.0,-5.57,3,1,1,
2025-01-10,2025-01-13,상승장,1.2,상승공격 + 횡보차단,"자동차,전력/전선/인프라","금융,엔터/게임",85300396.0,20756500.0,106056896.0,5308810.0,154000.0,-5.57,3,0,0,
2025-01-13,2025-01-14,횡보장,0.0,상승공격 + 횡보차단,"자동차,전력/전선/인프라",금융,85300396.0,20430000.0,105730396.0,5308810.0,-326500.0,-5.57,3,0,0,
2025-01-14,2025-01-15,횡보장,0.0,상승공격 + 횡보차단,"자동차,전력/전선/인프라",엔터/게임,85300396.0,20908500.0,106208896.0,5308810.0,478500.0,-5.57,3,0,0,
2025-01-15,2025-01-16,횡보장,0.0,상승공격 + 횡보차단,"자동차,전력/전선/인프라","인터넷/소프트웨어,금융,운송/해운",85300396.0,20938000.0,106238396.0,5308810.0,29500.0,-5.57,3,0,0,
2025-01-16,2025-01-17,횡보장,0.0,상승공격 + 횡보차단,"자동차,전력/전선/인프라","PCB,전력/전선/인프라,화장품",92616031.0,14564000.0,107180031.0,6257334.0,941635.0,-5.57,2,0,1,
2025-01-17,2025-01-20,상승장,1.2,상승공격 + 횡보차단,"자동차,전력/전선/인프라","원전/에너지,건설,PCB",92616031.0,14302000.0,106918031.0,6257334.0,-262000.0,-5.57,2,0,0,
2025-01-20,2025-01-21,횡보장,0.0,상승공격 + 횡보차단,"자동차,전력/전선/인프라","철강/비철,바이오,운송/해운",92616031.0,13666000.0,106282031.0,6257334.0,-636000.0,-5.57,2,0,0,
2025-01-21,2025-01-22,상승장,1.2,상승공격 + 횡보차단,"자동차,전력/전선/인프라","PCB,2차전지,방산/우주",92616031.0,13594000.0,106210031.0,6257334.0,-72000.0,-5.57,2,0,0,
2025-01-22,2025-01-23,상승장,1.2,상승공격 + 횡보차단,"자동차,전력/전선/인프라","바이오,운송/해운",92616031.0,13930000.0,106546031.0,6257334.0,336000.0,-5.57,2,0,0,
2025-01-23,2025-01-24,상승장,1.2,상승공격 + 횡보차단,"자동차,전력/전선/인프라","건설,자동차,금융",92616031.0,14060000.0,106676031.0,6257334.0,130000.0,-5.57,2,0,0,
2025-01-24,2025-01-31,상승장,1.2,상승공격 + 횡보차단,"방산/우주,자동차","방산/우주,운송/해운,인터넷/소프트웨어",92808984.0,13714400.0,106523384.0,6868446.0,-152647.0,-5.57,2,1,1,
2025-01-31,2025-02-03,상승장,1.2,상승공격 + 횡보차단,"방산/우주,자동차",금융,92808984.0,13750400.0,106559384.0,6868446.0,36000.0,-5.57,2,0,0,
2025-02-03,2025-02-04,횡보장,0.0,상승공격 + 횡보차단,"방산/우주,자동차","로봇,2차전지,자동차",92808984.0,13360300.0,106169284.0,6868446.0,-390100.0,-5.57,2,0,0,
2025-02-04,2025-02-05,상승장,1.2,상승공격 + 횡보차단,"방산/우주,자동차","철강/비철,2차전지,방산/우주",80131894.0,26257100.0,106388994.0,6868446.0,219710.0,-5.57,3,1,0,
2025-02-05,2025-02-06,상승장,1.2,상승공격 + 횡보차단,"방산/우주,자동차",,80131894.0,26598700.0,106730594.0,6868446.0,341600.0,-5.57,3,0,0,
2025-02-06,2025-02-07,상승장,1.2,상승공격 + 횡보차단,"방산/우주,자동차","음식료,금융",88031682.0,20280000.0,108311682.0,8376368.0,1581088.0,-5.57,2,0,1,
2025-02-07,2025-02-10,횡보장,0.0,상승공격 + 횡보차단,"방산/우주,자동차",화장품,88031682.0,20019000.0,108050682.0,8376368.0,-261000.0,-5.57,2,0,0,
2025-02-10,2025-02-11,횡보장,0.0,상승공격 + 횡보차단,"방산/우주,자동차","자동차,엔터/게임,2차전지",88031682.0,20081400.0,108113082.0,8376368.0,62400.0,-5.57,2,0,0,
2025-02-11,2025-02-12,횡보장,0.0,상승공격 + 횡보차단,"방산/우주,자동차",엔터/게임,88031682.0,20795400.0,108827082.0,8376368.0,714000.0,-5.57,2,0,0,
2025-02-12,2025-02-13,횡보장,0.0,상승공격 + 횡보차단,"방산/우주,자동차",전력/전선/인프라,95437609.0,14381600.0,109819209.0,9319464.0,992127.0,-5.57,2,0,1,
2025-02-13,2025-02-14,횡보장,0.0,상승공격 + 횡보차단,"방산/우주,자동차","2차전지,철강/비철,금융",95437609.0,14706000.0,110143609.0,9319464.0,324400.0,-5.57,2,0,0,
2025-02-14,2025-02-17,상승장,1.2,상승공격 + 횡보차단,"방산/우주,자동차",바이오,99134088.0,10824000.0,109958088.0,9784528.0,-185521.0,-5.57,2,0,1,
2025-02-17,2025-02-18,상승장,1.2,상승공격 + 횡보차단,"방산/우주,자동차",지주/밸류업,99134088.0,10558800.0,109692888.0,9784528.0,-265200.0,-5.57,2,0,0,
2025-02-18,2025-02-19,상승장,1.2,상승공격 + 횡보차단,자동차,지주/밸류업,102809615.0,7218000.0,110027615.0,10477210.0,334727.0,-5.57,1,0,1,
2025-02-19,2025-02-20,상승장,1.2,상승공격 + 횡보차단,"2차전지,자동차","2차전지,철강/비철,PCB",83500446.0,26570569.0,110071015.0,10477210.0,43400.0,-5.57,3,2,0,
2025-02-20,2025-02-21,상승장,1.2,상승공격 + 횡보차단,"2차전지,자동차","엔터/게임,화장품,철강/비철",83500446.0,26930460.0,110430906.0,10477210.0,359891.0,-5.57,3,0,0,
2025-02-21,2025-02-24,상승장,1.2,상승공격 + 횡보차단,"2차전지,자동차","철강/비철,지주/밸류업",83500446.0,27236234.0,110736680.0,10477210.0,305774.0,-5.57,3,0,0,
2025-02-24,2025-02-25,상승장,1.2,상승공격 + 횡보차단,"2차전지,자동차",2차전지,90397971.0,20944500.0,111342471.0,10957650.0,605791.0,-5.57,2,0,1,
2025-02-25,2025-02-26,횡보장,0.0,상승공격 + 횡보차단,"2차전지,자동차",건설,90397971.0,20362500.0,110760471.0,10957650.0,-582000.0,-5.57,2,0,0,
2025-02-26,2025-02-27,상승장,1.2,상승공격 + 횡보차단,"2차전지,자동차","PCB,지주/밸류업",90397971.0,20470000.0,110867971.0,10957650.0,107500.0,-5.57,2,0,0,
2025-02-27,2025-02-28,상승장,1.2,상승공격 + 횡보차단,"2차전지,자동차","화장품,자동차",90397971.0,20185500.0,110583471.0,10957650.0,-284500.0,-5.57,2,0,0,
2025-02-28,2025-03-04,횡보장,0.0,상승공격 + 횡보차단,"2차전지,자동차","건설,로봇,화학/정유",90397971.0,19268000.0,109665971.0,10957650.0,-917500.0,-5.57,2,0,0,
2025-03-04,2025-03-05,상승장,1.2,상승공격 + 횡보차단,"2차전지,자동차",,99876521.0,9069400.0,108945921.0,9972187.0,-720050.0,-5.57,2,0,2,
2025-03-05,2025-03-06,상승장,1.2,상승공격 + 횡보차단,"2차전지,자동차","로봇,원전/에너지,운송/해운",102907034.0,6176600.0,109083634.0,9687594.0,137713.0,-5.57,2,0,1,
2025-03-06,2025-03-07,횡보장,0.0,상승공격 + 횡보차단,"2차전지,자동차","로봇,음식료",104227989.0,4892800.0,109120789.0,9535168.0,37155.0,-5.57,2,0,1,
2025-03-07,2025-03-10,횡보장,0.0,상승공격 + 횡보차단,"2차전지,자동차","2차전지,음식료",104227989.0,4894800.0,109122789.0,9535168.0,2000.0,-5.57,2,0,0,
2025-03-10,2025-03-11,횡보장,0.0,상승공격 + 횡보차단,"2차전지,자동차","엔터/게임,화학/정유",104227989.0,4951200.0,109179189.0,9535168.0,56400.0,-5.57,2,0,0,
2025-03-11,2025-03-12,횡보장,0.0,상승공격 + 횡보차단,"2차전지,자동차",지주/밸류업,105986136.0,3124400.0,109110536.0,9376416.0,-68653.0,-5.57,2,0,1,
2025-03-12,2025-03-13,횡보장,0.0,상승공격 + 횡보차단,"2차전지,자동차","원전/에너지,지주/밸류업,전력/전선/인프라",105986136.0,3177800.0,109163936.0,9376416.0,53400.0,-5.57,2,0,0,
2025-03-13,2025-03-14,횡보장,0.0,상승공격 + 횡보차단,"2차전지,자동차","금융,자동차,2차전지",105986136.0,3171000.0,109157136.0,9376416.0,-6800.0,-5.57,2,0,0,
2025-03-14,2025-03-17,횡보장,0.0,상승공격 + 횡보차단,"2차전지,자동차",원전/에너지,106640627.0,2439500.0,109080127.0,9294216.0,-77009.0,-5.57,2,0,1,
2025-03-17,2025-03-18,횡보장,0.0,상승공격 + 횡보차단,"2차전지,자동차",원전/에너지,106966376.0,2116000.0,109082376.0,9251620.0,2249.0,-5.57,2,0,1,
2025-03-18,2025-03-19,횡보장,0.0,상승공격 + 횡보차단,자동차,"엔터/게임,자동차,인터넷/소프트웨어",107291626.0,1804500.0,109096126.0,9208525.0,13750.0,-5.57,1,0,1,
2025-03-19,2025-03-20,횡보장,0.0,상승공격 + 횡보차단,자동차,"원전/에너지,음식료,로봇",107291626.0,1836000.0,109127626.0,9208525.0,31500.0,-5.57,1,0,0,
2025-03-20,2025-03-21,횡보장,0.0,상승공격 + 횡보차단,자동차,철강/비철,107291626.0,1822500.0,109114126.0,9208525.0,-13500.0,-5.57,1,0,0,
2025-03-21,2025-03-24,횡보장,0.0,상승공격 + 횡보차단,자동차,"금융,원전/에너지",107291626.0,1845000.0,109136626.0,9208525.0,22500.0,-5.57,1,0,0,
2025-03-24,2025-03-25,횡보장,0.0,상승공격 + 횡보차단,자동차,운송/해운,107291626.0,1917000.0,109208626.0,9208525.0,72000.0,-5.57,1,0,0,
2025-03-25,2025-03-26,횡보장,0.0,상승공격 + 횡보차단,자동차,,107291626.0,1980000.0,109271626.0,9208525.0,63000.0,-5.57,1,0,0,
2025-03-26,2025-03-27,횡보장,0.0,상승공격 + 횡보차단,자동차,"인터넷/소프트웨어,PCB",107291626.0,1998000.0,109289626.0,9208525.0,18000.0,-5.57,1,0,0,
2025-03-27,2025-03-28,횡보장,0.0,상승공격 + 횡보차단,자동차,"전력/전선/인프라,화장품",107291626.0,1912500.0,109204126.0,9208525.0,-85500.0,-5.57,1,0,0,
2025-03-28,2025-03-31,횡보장,0.0,상승공격 + 횡보차단,자동차,"지주/밸류업,화장품",108288828.0,820000.0,109108828.0,9140783.0,-95298.0,-5.57,1,0,1,
2025-03-31,2025-04-01,횡보장,0.0,상승공격 + 횡보차단,자동차,"금융,지주/밸류업",108288828.0,788800.0,109077628.0,9140783.0,-31200.0,-5.57,1,0,0,
2025-04-01,2025-04-02,횡보장,0.0,상승공격 + 횡보차단,,"운송/해운,음식료,엔터/게임",109082199.0,0.0,109082199.0,9082199.0,4571.0,-5.57,0,0,1,
2025-04-02,2025-04-03,횡보장,0.0,상승공격 + 횡보차단,,"화장품,화학/정유,철강/비철",109082199.0,0.0,109082199.0,9082199.0,-0.0,-5.57,0,0,0,
2025-04-03,2025-04-04,횡보장,0.0,상승공격 + 횡보차단,,금융,109082199.0,0.0,109082199.0,9082199.0,-0.0,-5.57,0,0,0,
2025-04-04,2025-04-07,횡보장,0.0,상승공격 + 횡보차단,,"엔터/게임,원전/에너지,인터넷/소프트웨어",109082199.0,0.0,109082199.0,9082199.0,-0.0,-5.57,0,0,0,
2025-04-07,2025-04-08,급락일,0.0,상승공격 + 횡보차단,,금융,109082199.0,0.0,109082199.0,9082199.0,-0.0,-5.57,0,0,0,
2025-04-08,2025-04-09,조정장,0.5,상승공격 + 횡보차단,금융,금융,103641213.0,5428500.0,109069713.0,9082199.0,-12486.0,-5.57,1,1,0,
2025-04-09,2025-04-10,조정장,0.5,상승공격 + 횡보차단,"금융,엔터/게임",엔터/게임,98288931.0,10619300.0,108908231.0,9082199.0,-161482.0,-5.57,2,1,0,
2025-04-10,2025-04-11,조정장,0.5,상승공격 + 횡보차단,"금융,엔터/게임","전력/전선/인프라,자동차,지주/밸류업",98288931.0,11352300.0,109641231.0,9082199.0,733000.0,-5.57,2,0,0,
2025-04-11,2025-04-14,조정장,0.5,상승공격 + 횡보차단,"금융,엔터/게임",음식료,98288931.0,11214400.0,109503331.0,9082199.0,-137900.0,-5.57,2,0,0,
2025-04-14,2025-04-15,조정장,0.5,상승공격 + 횡보차단,"금융,엔터/게임",,98288931.0,11211700.0,109500631.0,9082199.0,-2700.0,-5.57,2,0,0,
2025-04-15,2025-04-16,조정장,0.5,상승공격 + 횡보차단,"금융,엔터/게임",운송/해운,101343390.0,8316000.0,109659390.0,9380833.0,158759.0,-5.57,2,0,1,
2025-04-16,2025-04-17,조정장,0.5,상승공격 + 횡보차단,"금융,엔터/게임","통신,음식료,화장품",101343390.0,8488000.0,109831390.0,9380833.0,172000.0,-5.57,2,0,0,
2025-04-17,2025-04-18,조정장,0.5,상승공격 + 횡보차단,"금융,엔터/게임","원전/에너지,전력/전선/인프라,화장품",101343390.0,8499400.0,109842790.0,9380833.0,11400.0,-5.57,2,0,0,
2025-04-18,2025-04-21,조정장,0.5,상승공격 + 횡보차단,"금융,엔터/게임",운송/해운,101343390.0,8663200.0,110006590.0,9380833.0,163800.0,-5.57,2,0,0,
2025-04-21,2025-04-22,조정장,0.5,상승공격 + 횡보차단,"금융,엔터/게임",PCB,101343390.0,8666400.0,110009790.0,9380833.0,3200.0,-5.57,2,0,0,
2025-04-22,2025-04-23,조정장,0.5,상승공격 + 횡보차단,"엔터/게임,인터넷/소프트웨어","인터넷/소프트웨어,금융,철강/비철",99042591.0,10955600.0,109998191.0,9895495.0,-11599.0,-5.57,2,1,1,
2025-04-23,2025-04-24,조정장,0.5,상승공격 + 횡보차단,"엔터/게임,인터넷/소프트웨어","2차전지,철강/비철,지주/밸류업",99042591.0,10933200.0,109975791.0,9895495.0,-22400.0,-5.57,2,0,0,
2025-04-24,2025-04-25,조정장,0.5,상승공격 + 횡보차단,"엔터/게임,인터넷/소프트웨어","화장품,자동차",99042591.0,10834000.0,109876591.0,9895495.0,-99200.0,-5.57,2,0,0,
2025-04-25,2025-04-28,횡보장,0.0,상승공격 + 횡보차단,"엔터/게임,인터넷/소프트웨어",지주/밸류업,99042591.0,10998000.0,110040591.0,9895495.0,164000.0,-5.57,2,0,0,
2025-04-28,2025-04-29,횡보장,0.0,상승공격 + 횡보차단,"엔터/게임,인터넷/소프트웨어","통신,엔터/게임,철강/비철",102035691.0,8456000.0,110491691.0,10212454.0,451100.0,-5.57,2,0,1,
2025-04-29,2025-04-30,횡보장,0.0,상승공격 + 횡보차단,"엔터/게임,인터넷/소프트웨어","엔터/게임,통신",102035691.0,8538000.0,110573691.0,10212454.0,82000.0,-5.57,2,0,0,
2025-04-30,2025-05-02,횡보장,0.0,상승공격 + 횡보차단,인터넷/소프트웨어,"엔터/게임,금융,원전/에너지",105250280.0,5614000.0,110864280.0,10750903.0,290589.0,-5.57,1,0,1,
2025-05-02,2025-05-07,횡보장,0.0,상승공격 + 횡보차단,인터넷/소프트웨어,"PCB,지주/밸류업,전력/전선/인프라",105250280.0,5527200.0,110777480.0,10750903.0,-86800.0,-5.57,1,0,0,
2025-05-07,2025-05-08,상승장,1.2,상승공격 + 횡보차단,"운송/해운,인터넷/소프트웨어","운송/해운,바이오,인터넷/소프트웨어",78631848.0,32183450.0,110815298.0,10750903.0,37818.0,-5.57,4,3,0,
2025-05-08,2025-05-09,상승장,1.2,상승공격 + 횡보차단,"운송/해운,인터넷/소프트웨어",2차전지,78631848.0,31642750.0,110274598.0,10750903.0,-540700.0,-5.57,4,0,0,
2025-05-09,2025-05-12,강한상승장,1.4,상승공격 + 횡보차단,"운송/해운,인터넷/소프트웨어",음식료,78631848.0,31442750.0,110074598.0,10750903.0,-200000.0,-5.57,4,0,0,
2025-05-12,2025-05-13,강한상승장,1.4,상승공격 + 횡보차단,"운송/해운,인터넷/소프트웨어",운송/해운,65334535.0,45249000.0,110583535.0,10750903.0,508937.0,-5.57,5,1,0,
2025-05-13,2025-05-14,상승장,1.2,상승공격 + 횡보차단,"운송/해운,인터넷/소프트웨어","로봇,운송/해운,자동차",72474874.0,38853450.0,111328324.0,11261027.0,744789.0,-5.57,4,0,1,
2025-05-14,2025-05-15,상승장,1.2,상승공격 + 횡보차단,"운송/해운,인터넷/소프트웨어","로봇,음식료,철강/비철",72474874.0,39484500.0,111959374.0,11261027.0,631050.0,-5.57,4,0,0,
2025-05-15,2025-05-16,상승장,1.2,상승공격 + 횡보차단,"운송/해운,인터넷/소프트웨어","전력/전선/인프라,엔터/게임,운송/해운",80022474.0,32675250.0,112697724.0,12159971.0,738350.0,-5.57,4,0,1,
2025-05-16,2025-05-19,상승장,1.2,상승공격 + 횡보차단,"운송/해운,인터넷/소프트웨어",,80022474.0,32688450.0,112710924.0,12159971.0,13200.0,-5.57,4,0,0,
2025-05-19,2025-05-20,상승장,1.2,상승공격 + 횡보차단,"운송/해운,인터넷/소프트웨어",,80012707.0,32350500.0,112363207.0,12736650.0,-347717.0,-5.57,4,1,1,
2025-05-20,2025-05-21,상승장,1.2,상승공격 + 횡보차단,"운송/해운,인터넷/소프트웨어","전력/전선/인프라,금융,엔터/게임",80012707.0,32154400.0,112167107.0,12736650.0,-196100.0,-5.57,4,0,0,
2025-05-21,2025-05-22,상승장,1.2,상승공격 + 횡보차단,"운송/해운,인터넷/소프트웨어","인터넷/소프트웨어,금융,자동차",80012707.0,32226300.0,112239007.0,12736650.0,71900.0,-5.57,4,0,0,
2025-05-22,2025-05-23,상승장,1.2,상승공격 + 횡보차단,"운송/해운,인터넷/소프트웨어",통신,80012707.0,32410450.0,112423157.0,12736650.0,184150.0,-5.57,4,0,0,
2025-05-23,2025-05-26,상승장,1.2,상승공격 + 횡보차단,"운송/해운,인터넷/소프트웨어","화장품,자동차,엔터/게임",80012707.0,32519700.0,112532407.0,12736650.0,109250.0,-5.57,4,0,0,
2025-05-26,2025-05-27,상승장,1.2,상승공격 + 횡보차단,"운송/해운,인터넷/소프트웨어","인터넷/소프트웨어,금융,조선/기계",80012707.0,33155600.0,113168307.0,12736650.0,635900.0,-5.57,4,0,0,
2025-05-27,2025-05-28,상승장,1.2,상승공격 + 횡보차단,"운송/해운,인터넷/소프트웨어","화장품,엔터/게임",87121619.0,25940550.0,113062169.0,13183474.0,-106138.0,-5.57,3,0,1,
2025-05-28,2025-05-29,상승장,1.2,상승공격 + 횡보차단,"운송/해운,인터넷/소프트웨어","2차전지,철강/비철",87121619.0,26211200.0,113332819.0,13183474.0,270650.0,-5.57,3,0,0,
2025-05-29,2025-05-30,상승장,1.2,상승공격 + 횡보차단,"운송/해운,인터넷/소프트웨어","인터넷/소프트웨어,전력/전선/인프라,조선/기계",73471496.0,40152000.0,113623496.0,13183474.0,290677.0,-5.57,4,1,0,
2025-05-30,2025-06-02,상승장,1.2,상승공격 + 횡보차단,"운송/해운,인터넷/소프트웨어",,73471496.0,39338400.0,112809896.0,13183474.0,-813600.0,-5.57,4,0,0,
2025-06-02,2025-06-04,상승장,1.2,상승공격 + 횡보차단,"운송/해운,인터넷/소프트웨어",,73471496.0,39687850.0,113159346.0,13183474.0,349450.0,-5.57,4,0,0,
2025-06-04,2025-06-05,상승장,1.2,상승공격 + 횡보차단,"운송/해운,인터넷/소프트웨어",인터넷/소프트웨어,73471496.0,39285800.0,112757296.0,13183474.0,-402050.0,-5.57,4,0,0,
2025-06-05,2025-06-09,강한상승장,1.4,상승공격 + 횡보차단,"운송/해운,인터넷/소프트웨어",,73471496.0,40246000.0,113717496.0,13183474.0,960200.0,-5.57,4,0,0,
2025-06-09,2025-06-10,강한상승장,1.4,상승공격 + 횡보차단,"운송/해운,인터넷/소프트웨어",엔터/게임,81767172.0,34952700.0,116719872.0,14654088.0,3002376.0,-5.57,4,0,1,
2025-06-10,2025-06-11,강한상승장,1.4,상승공격 + 횡보차단,"운송/해운,인터넷/소프트웨어","전력/전선/인프라,철강/비철",81767172.0,34871150.0,116638322.0,14654088.0,-81550.0,-5.57,4,0,0,
2025-06-11,2025-06-12,강한상승장,1.4,상승공격 + 횡보차단,"운송/해운,인터넷/소프트웨어","2차전지,엔터/게임",81767172.0,35105350.0,116872522.0,14654088.0,234200.0,-5.57,4,0,0,
2025-06-12,2025-06-13,강한상승장,1.4,상승공격 + 횡보차단,"운송/해운,인터넷/소프트웨어",2차전지,85946138.0,30685200.0,116631338.0,15420524.0,-241184.0,-5.57,4,0,1,
2025-06-13,2025-06-16,강한상승장,1.4,상승공격 + 횡보차단,"운송/해운,인터넷/소프트웨어","운송/해운,화학/정유,바이오",87293543.0,29336200.0,116629743.0,16626253.0,-1595.0,-5.57,3,1,2,
2025-06-16,2025-06-17,강한상승장,1.4,상승공격 + 횡보차단,운송/해운,,99751024.0,17421600.0,117172624.0,17966073.0,542881.0,-5.57,1,0,2,
2025-06-17,2025-06-18,강한상승장,1.4,상승공격 + 횡보차단,,,117010436.0,0.0,117010436.0,17010436.0,-162188.0,-5.57,0,0,1,
2025-06-18,2025-06-19,강한상승장,1.4,상승공격 + 횡보차단,화학/정유,화학/정유,100640271.0,16479300.0,117119571.0,17010436.0,109135.0,-5.57,1,1,0,
2025-06-19,2025-06-20,강한상승장,1.4,상승공격 + 횡보차단,화학/정유,,100640271.0,16430400.0,117070671.0,17010436.0,-48900.0,-5.57,1,0,0,
2025-06-20,2025-06-23,강한상승장,1.4,상승공격 + 횡보차단,"2차전지,화학/정유","2차전지,바이오,철강/비철",76108478.0,41674700.0,117783178.0,17010436.0,712507.0,-5.57,3,2,0,
2025-06-23,2025-06-24,강한상승장,1.4,상승공격 + 횡보차단,"2차전지,화학/정유",,76108478.0,40777900.0,116886378.0,17010436.0,-896800.0,-5.57,3,0,0,
2025-06-24,2025-06-25,강한상승장,1.4,상승공격 + 횡보차단,"2차전지,화학/정유",운송/해운,76108478.0,41502900.0,117611378.0,17010436.0,725000.0,-5.57,3,0,0,
2025-06-25,2025-06-26,강한상승장,1.4,상승공격 + 횡보차단,"2차전지,화학/정유","건설,조선/기계",76108478.0,41172000.0,117280478.0,17010436.0,-330900.0,-5.57,3,0,0,
2025-06-26,2025-06-27,강한상승장,1.4,상승공격 + 횡보차단,"2차전지,화학/정유",PCB,76108478.0,40954900.0,117063378.0,17010436.0,-217100.0,-5.57,3,0,0,
2025-06-27,2025-06-30,강한상승장,1.4,상승공격 + 횡보차단,"2차전지,화학/정유",철강/비철,76108478.0,39838900.0,115947378.0,17010436.0,-1116000.0,-5.57,3,0,0,
2025-06-30,2025-07-01,강한상승장,1.4,상승공격 + 횡보차단,"2차전지,화학/정유",화학/정유,87466600.0,32821000.0,120287600.0,20431746.0,4340222.0,-5.57,3,1,1,
2025-07-01,2025-07-02,강한상승장,1.4,상승공격 + 횡보차단,"2차전지,화학/정유","2차전지,화학/정유,철강/비철",58977425.0,62876000.0,121853425.0,20431746.0,1565825.0,-5.57,5,2,0,
2025-07-02,2025-07-03,강한상승장,1.4,상승공격 + 횡보차단,"2차전지,화학/정유","자동차,2차전지,전력/전선/인프라",58977425.0,62480800.0,121458225.0,20431746.0,-395200.0,-5.57,5,0,0,
2025-07-03,2025-07-04,강한상승장,1.4,상승공격 + 횡보차단,"2차전지,화학/정유","바이오,전력/전선/인프라,엔터/게임",82056222.0,41066200.0,123122422.0,21013418.0,1664197.0,-5.57,4,0,3,
2025-07-04,2025-07-07,상승장,1.2,상승공격 + 횡보차단,"2차전지,화학/정유","철강/비철,바이오,통신",86030061.0,36455800.0,122485861.0,20735500.0,-636561.0,-5.57,4,0,1,
2025-07-07,2025-07-08,상승장,1.2,상승공격 + 횡보차단,"2차전지,화학/정유",통신,93170600.0,28625000.0,121795600.0,20787974.0,-690261.0,-5.57,3,0,2,
2025-07-08,2025-07-09,상승장,1.2,상승공격 + 횡보차단,"2차전지,화학/정유","PCB,지주/밸류업,화장품",93170600.0,28317000.0,121487600.0,20787974.0,-308000.0,-5.57,3,0,0,
2025-07-09,2025-07-10,상승장,1.2,상승공격 + 횡보차단,"2차전지,자동차",자동차,80293515.0,40906200.0,121199715.0,21210207.0,-287885.0,-5.57,4,2,1,
2025-07-10,2025-07-11,상승장,1.2,상승공격 + 횡보차단,"2차전지,자동차","자동차,2차전지,운송/해운",69040437.0,52365700.0,121406137.0,21796297.0,206422.0,-5.57,4,1,1,
2025-07-11,2025-07-14,강한상승장,1.4,상승공격 + 횡보차단,"2차전지,자동차","철강/비철,엔터/게임,운송/해운",69040437.0,53441600.0,122482037.0,21796297.0,1075900.0,-5.57,4,0,0,
2025-07-14,2025-07-15,상승장,1.2,상승공격 + 횡보차단,"2차전지,자동차",화장품,69040437.0,54083500.0,123123937.0,21796297.0,641900.0,-5.57,4,0,0,
2025-07-15,2025-07-16,강한상승장,1.4,상승공격 + 횡보차단,"2차전지,자동차","자동차,전력/전선/인프라,PCB",69040437.0,53342000.0,122382437.0,21796297.0,-741500.0,-5.57,4,0,0,
2025-07-16,2025-07-17,상승장,1.2,상승공격 + 횡보차단,"2차전지,자동차",전력/전선/인프라,69040437.0,52517000.0,121557437.0,21796297.0,-825000.0,-5.57,4,0,0,
2025-07-17,2025-07-18,상승장,1.2,상승공격 + 횡보차단,"2차전지,자동차",조선/기계,69040437.0,53291400.0,122331837.0,21796297.0,774400.0,-5.57,4,0,0,
2025-07-18,2025-07-21,상승장,1.2,상승공격 + 횡보차단,"2차전지,자동차","음식료,2차전지,철강/비철",69040437.0,53882600.0,122923037.0,21796297.0,591200.0,-5.57,4,0,0,
2025-07-21,2025-07-22,상승장,1.2,상승공격 + 횡보차단,"2차전지,자동차","2차전지,엔터/게임",69040437.0,54447600.0,123488037.0,21796297.0,565000.0,-5.57,4,0,0,
2025-07-22,2025-07-23,횡보장,0.0,상승공격 + 횡보차단,"2차전지,자동차","전력/전선/인프라,2차전지,건설",69040437.0,53911600.0,122952037.0,21796297.0,-536000.0,-5.57,4,0,0,
2025-07-23,2025-07-24,횡보장,0.0,상승공격 + 횡보차단,"2차전지,자동차",전력/전선/인프라,76741084.0,48334000.0,125075084.0,22287601.0,2123047.0,-5.57,3,0,1,
2025-07-24,2025-07-25,상승장,1.2,상승공격 + 횡보차단,"2차전지,자동차","전력/전선/인프라,금융",85082355.0,41550000.0,126632355.0,23344155.0,1557271.0,-5.57,3,0,1,
2025-07-25,2025-07-28,상승장,1.2,상승공격 + 횡보차단,"2차전지,자동차",엔터/게임,85082355.0,41330000.0,126412355.0,23344155.0,-220000.0,-5.57,3,0,0,
2025-07-28,2025-07-29,상승장,1.2,상승공격 + 횡보차단,"2차전지,자동차","금융,전력/전선/인프라",102846005.0,24218000.0,127064005.0,25509611.0,651650.0,-5.57,2,0,2,
2025-07-29,2025-07-30,상승장,1.2,상승공격 + 횡보차단,"2차전지,자동차","PCB,건설",102846005.0,24023700.0,126869705.0,25509611.0,-194300.0,-5.57,2,0,0,
2025-07-30,2025-07-31,상승장,1.2,상승공격 + 횡보차단,자동차,,112810533.0,15387000.0,128197533.0,27333860.0,1327828.0,-5.57,1,0,1,
2025-07-31,2025-08-01,상승장,1.2,상승공격 + 횡보차단,"자동차,지주/밸류업","지주/밸류업,건설",90334156.0,37473000.0,127807156.0,27333860.0,-390377.0,-5.57,3,2,0,
2025-08-01,2025-08-04,급락일,0.0,상승공격 + 횡보차단,"자동차,지주/밸류업","바이오,화장품,철강/비철",90334156.0,36353200.0,126687356.0,27333860.0,-1119800.0,-5.57,3,0,0,
2025-08-04,2025-08-05,횡보장,0.0,상승공격 + 횡보차단,"자동차,지주/밸류업",,90334156.0,36322200.0,126656356.0,27333860.0,-31000.0,-5.57,3,0,0,
2025-08-05,2025-08-06,횡보장,0.0,상승공격 + 횡보차단,"자동차,지주/밸류업",화장품,97727712.0,29949500.0,127677212.0,27060021.0,1020856.0,-5.57,2,0,1,
2025-08-06,2025-08-07,횡보장,0.0,상승공격 + 횡보차단,지주/밸류업,"엔터/게임,건설",112425329.0,15125000.0,127550329.0,27234312.0,-126883.0,-5.57,1,0,1,
2025-08-07,2025-08-08,횡보장,0.0,상승공격 + 횡보차단,지주/밸류업,"엔터/게임,화장품",112425329.0,15150000.0,127575329.0,27234312.0,25000.0,-5.57,1,0,0,
2025-08-08,2025-08-11,횡보장,0.0,상승공격 + 횡보차단,지주/밸류업,"엔터/게임,운송/해운",112425329.0,14800000.0,127225329.0,27234312.0,-350000.0,-5.57,1,0,0,
2025-08-11,2025-08-12,횡보장,0.0,상승공격 + 횡보차단,지주/밸류업,철강/비철,112425329.0,15000000.0,127425329.0,27234312.0,200000.0,-5.57,1,0,0,
2025-08-12,2025-08-13,횡보장,0.0,상승공격 + 횡보차단,지주/밸류업,"지주/밸류업,전력/전선/인프라,금융",112425329.0,13950000.0,126375329.0,27234312.0,-1050000.0,-5.57,1,0,0,
2025-08-13,2025-08-14,횡보장,0.0,상승공격 + 횡보차단,지주/밸류업,"엔터/게임,음식료,운송/해운",112425329.0,14075000.0,126500329.0,27234312.0,125000.0,-5.57,1,0,0,
2025-08-14,2025-08-18,횡보장,0.0,상승공격 + 횡보차단,지주/밸류업,"금융,자동차,음식료",112425329.0,13875000.0,126300329.0,27234312.0,-200000.0,-5.57,1,0,0,
2025-08-18,2025-08-19,횡보장,0.0,상승공격 + 횡보차단,지주/밸류업,"전력/전선/인프라,운송/해운,PCB",112425329.0,14200000.0,126625329.0,27234312.0,325000.0,-5.57,1,0,0,
2025-08-19,2025-08-20,횡보장,0.0,상승공격 + 횡보차단,지주/밸류업,"금융,지주/밸류업,건설",112425329.0,13125000.0,125550329.0,27234312.0,-1075000.0,-5.57,1,0,0,
2025-08-20,2025-08-21,횡보장,0.0,상승공격 + 횡보차단,지주/밸류업,"지주/밸류업,건설",112425329.0,12700000.0,125125329.0,27234312.0,-425000.0,-5.57,1,0,0,
2025-08-21,2025-08-22,횡보장,0.0,상승공격 + 횡보차단,지주/밸류업,건설,112425329.0,13500000.0,125925329.0,27234312.0,800000.0,-5.57,1,0,0,
2025-08-22,2025-08-25,횡보장,0.0,상승공격 + 횡보차단,지주/밸류업,"전력/전선/인프라,바이오,엔터/게임",112425329.0,13875000.0,126300329.0,27234312.0,375000.0,-5.57,1,0,0,
2025-08-25,2025-08-26,횡보장,0.0,상승공격 + 횡보차단,지주/밸류업,"로봇,PCB",112425329.0,14325000.0,126750329.0,27234312.0,450000.0,-5.57,1,0,0,
2025-08-26,2025-08-27,횡보장,0.0,상승공격 + 횡보차단,지주/밸류업,"음식료,금융,자동차",112425329.0,14050000.0,126475329.0,27234312.0,-275000.0,-5.57,1,0,0,
2025-08-27,2025-08-28,횡보장,0.0,상승공격 + 횡보차단,지주/밸류업,,112425329.0,13925000.0,126350329.0,27234312.0,-125000.0,-5.57,1,0,0,
2025-08-28,2025-08-29,횡보장,0.0,상승공격 + 횡보차단,지주/밸류업,"자동차,음식료",112425329.0,14100000.0,126525329.0,27234312.0,175000.0,-5.57,1,0,0,
2025-08-29,2025-09-01,횡보장,0.0,상승공격 + 횡보차단,지주/밸류업,"2차전지,운송/해운",112425329.0,14000000.0,126425329.0,27234312.0,-100000.0,-5.57,1,0,0,
2025-09-01,2025-09-02,횡보장,0.0,상승공격 + 횡보차단,,PCB,125869337.0,0.0,125869337.0,25869337.0,-555992.0,-5.57,0,0,1,
2025-09-02,2025-09-03,횡보장,0.0,상승공격 + 횡보차단,,"로봇,화장품",125869337.0,0.0,125869337.0,25869337.0,-0.0,-5.57,0,0,0,
2025-09-03,2025-09-04,횡보장,0.0,상승공격 + 횡보차단,,"로봇,화장품,전력/전선/인프라",125869337.0,0.0,125869337.0,25869337.0,-0.0,-5.57,0,0,0,
2025-09-04,2025-09-05,횡보장,0.0,상승공격 + 횡보차단,,"지주/밸류업,2차전지,건설",125869337.0,0.0,125869337.0,25869337.0,-0.0,-5.57,0,0,0,
2025-09-05,2025-09-08,횡보장,0.0,상승공격 + 횡보차단,,"로봇,운송/해운,철강/비철",125869337.0,0.0,125869337.0,25869337.0,-0.0,-5.57,0,0,0,
2025-09-08,2025-09-09,횡보장,0.0,상승공격 + 횡보차단,,"금융,자동차",125869337.0,0.0,125869337.0,25869337.0,-0.0,-5.57,0,0,0,
2025-09-09,2025-09-10,횡보장,0.0,상승공격 + 횡보차단,,"지주/밸류업,2차전지,바이오",125869337.0,0.0,125869337.0,25869337.0,-0.0,-5.57,0,0,0,
2025-09-10,2025-09-11,상승장,1.2,상승공격 + 횡보차단,"금융,엔터/게임","금융,엔터/게임,지주/밸류업",80495918.0,45478400.0,125974318.0,25869337.0,104981.0,-5.57,4,4,0,
2025-09-11,2025-09-12,상승장,1.2,상승공격 + 횡보차단,"금융,엔터/게임","금융,음식료,화장품",65531779.0,59726100.0,125257879.0,25869337.0,-716439.0,-5.57,5,1,0,
2025-09-12,2025-09-15,상승장,1.2,상승공격 + 횡보차단,"금융,엔터/게임","로봇,원전/에너지,화장품",65531779.0,60685800.0,126217579.0,25869337.0,959700.0,-5.57,5,0,0,
2025-09-15,2025-09-16,상승장,1.2,상승공격 + 횡보차단,"금융,엔터/게임","원전/에너지,로봇",65531779.0,60878200.0,126409979.0,25869337.0,192400.0,-5.57,5,0,0,
2025-09-16,2025-09-17,강한상승장,1.4,상승공격 + 횡보차단,"금융,엔터/게임",,73409618.0,52885200.0,126294818.0,26203465.0,-115161.0,-5.57,4,0,1,
2025-09-17,2025-09-18,강한상승장,1.4,상승공격 + 횡보차단,"금융,엔터/게임",,73409618.0,52875200.0,126284818.0,26203465.0,-10000.0,-5.57,4,0,0,
2025-09-18,2025-09-19,강한상승장,1.4,상승공격 + 횡보차단,"금융,엔터/게임",엔터/게임,73409618.0,53107500.0,126517118.0,26203465.0,232300.0,-5.57,4,0,0,
2025-09-19,2025-09-22,강한상승장,1.4,상승공격 + 횡보차단,"금융,엔터/게임","전력/전선/인프라,운송/해운,금융",65574038.0,60886000.0,126460038.0,26203465.0,-57080.0,-5.57,5,1,0,
2025-09-22,2025-09-23,강한상승장,1.4,상승공격 + 횡보차단,"금융,엔터/게임","로봇,화장품",65574038.0,60591900.0,126165938.0,26203465.0,-294100.0,-5.57,5,0,0,
2025-09-23,2025-09-24,강한상승장,1.4,상승공격 + 횡보차단,"금융,엔터/게임",전력/전선/인프라,65574038.0,59913500.0,125487538.0,26203465.0,-678400.0,-5.57,5,0,0,
2025-09-24,2025-09-25,강한상승장,1.4,상승공격 + 횡보차단,"금융,엔터/게임",,57013895.0,67979900.0,124993795.0,26203465.0,-493743.0,-5.57,5,1,0,
2025-09-25,2025-09-26,강한상승장,1.4,상승공격 + 횡보차단,"금융,엔터/게임","로봇,조선/기계,화장품",57013895.0,67501500.0,124515395.0,26203465.0,-478400.0,-5.57,5,0,0,
2025-09-26,2025-09-29,상승장,1.2,상승공격 + 횡보차단,"금융,엔터/게임","금융,지주/밸류업",57013895.0,67110900.0,124124795.0,26203465.0,-390600.0,-5.57,5,0,0,
2025-09-29,2025-09-30,강한상승장,1.4,상승공격 + 횡보차단,"금융,엔터/게임",화장품,72368498.0,52726800.0,125095298.0,25440583.0,970503.0,-5.57,4,0,1,
2025-09-30,2025-10-01,강한상승장,1.4,상승공격 + 횡보차단,"금융,엔터/게임","조선/기계,금융,화장품",72368498.0,52087700.0,124456198.0,25440583.0,-639100.0,-5.57,4,0,0,
2025-10-01,2025-10-02,강한상승장,1.4,상승공격 + 횡보차단,"금융,엔터/게임",,72368498.0,51882800.0,124251298.0,25440583.0,-204900.0,-5.57,4,0,0,
2025-10-02,2025-10-10,강한상승장,1.4,상승공격 + 횡보차단,"금융,엔터/게임","2차전지,지주/밸류업,자동차",72368498.0,52306300.0,124674798.0,25440583.0,423500.0,-5.57,4,0,0,
2025-10-10,2025-10-13,강한상승장,1.4,상승공격 + 횡보차단,"금융,엔터/게임",,72368498.0,51771900.0,124140398.0,25440583.0,-534400.0,-5.57,4,0,0,
2025-10-13,2025-10-14,강한상승장,1.4,상승공격 + 횡보차단,"금융,엔터/게임","철강/비철,로봇,2차전지",72368498.0,51695300.0,124063798.0,25440583.0,-76600.0,-5.57,4,0,0,
2025-10-14,2025-10-15,강한상승장,1.4,상승공격 + 횡보차단,"금융,엔터/게임","로봇,2차전지,조선/기계",72368498.0,50620000.0,122988498.0,25440583.0,-1075300.0,-5.57,4,0,0,
2025-10-15,2025-10-16,강한상승장,1.4,상승공격 + 횡보차단,"금융,엔터/게임","바이오,전력/전선/인프라,건설",72368498.0,51718000.0,124086498.0,25440583.0,1098000.0,-5.57,4,0,0,
2025-10-16,2025-10-17,강한상승장,1.4,상승공격 + 횡보차단,"금융,엔터/게임",지주/밸류업,72368498.0,51694000.0,124062498.0,25440583.0,-24000.0,-5.57,4,0,0,
2025-10-17,2025-10-20,강한상승장,1.4,상승공격 + 횡보차단,"금융,엔터/게임",조선/기계,67172574.0,56559200.0,123731774.0,25440583.0,-330724.0,-5.57,4,1,0,
2025-10-20,2025-10-21,강한상승장,1.4,상승공격 + 횡보차단,"금융,화장품",화장품,69344659.0,55696400.0,125041059.0,24665004.0,1309285.0,-5.57,4,1,1,
2025-10-21,2025-10-22,강한상승장,1.4,상승공격 + 횡보차단,"금융,화장품",,69344659.0,55182400.0,124527059.0,24665004.0,-514000.0,-5.57,4,0,0,
2025-10-22,2025-10-23,강한상승장,1.4,상승공격 + 횡보차단,"금융,화장품",철강/비철,69344659.0,55534600.0,124879259.0,24665004.0,352200.0,-5.57,4,0,0,
2025-10-23,2025-10-24,강한상승장,1.4,상승공격 + 횡보차단,"금융,화장품",,69344659.0,55609700.0,124954359.0,24665004.0,75100.0,-5.57,4,0,0,
2025-10-24,2025-10-27,강한상승장,1.4,상승공격 + 횡보차단,"금융,화장품","건설,철강/비철",69344659.0,55246000.0,124590659.0,24665004.0,-363700.0,-5.57,4,0,0,
2025-10-27,2025-10-28,강한상승장,1.4,상승공격 + 횡보차단,"금융,화장품","바이오,엔터/게임,건설",69344659.0,56173600.0,125518259.0,24665004.0,927600.0,-5.57,4,0,0,
2025-10-28,2025-10-29,강한상승장,1.4,상승공격 + 횡보차단,"금융,화장품",,69344659.0,56223900.0,125568559.0,24665004.0,50300.0,-5.57,4,0,0,
2025-10-29,2025-10-30,강한상승장,1.4,상승공격 + 횡보차단,"금융,화장품","지주/밸류업,건설",69344659.0,55311400.0,124656059.0,24665004.0,-912500.0,-5.57,4,0,0,
2025-10-30,2025-10-31,강한상승장,1.4,상승공격 + 횡보차단,"금융,화장품",엔터/게임,69344659.0,56252100.0,125596759.0,24665004.0,940700.0,-5.57,4,0,0,
2025-10-31,2025-11-03,강한상승장,1.4,상승공격 + 횡보차단,"금융,화장품",,69344659.0,56399500.0,125744159.0,24665004.0,147400.0,-5.57,4,0,0,
2025-11-03,2025-11-04,강한상승장,1.4,상승공격 + 횡보차단,"금융,화장품","방산/우주,바이오,엔터/게임",79330140.0,47898900.0,127229040.0,25954029.0,1484881.0,-5.57,4,0,1,
2025-11-04,2025-11-05,강한상승장,1.4,상승공격 + 횡보차단,"금융,화장품","바이오,금융,방산/우주",79330140.0,49173200.0,128503340.0,25954029.0,1274300.0,-5.57,4,0,0,
2025-11-05,2025-11-06,강한상승장,1.4,상승공격 + 횡보차단,"금융,화장품","전력/전선/인프라,원전/에너지,방산/우주",79330140.0,48307800.0,127637940.0,25954029.0,-865400.0,-5.57,4,0,0,
2025-11-06,2025-11-07,강한상승장,1.4,상승공격 + 횡보차단,"금융,화장품","화장품,원전/에너지,금융",75031234.0,53445900.0,128477134.0,26545044.0,839194.0,-5.57,4,1,1,
2025-11-07,2025-11-10,강한상승장,1.4,상승공격 + 횡보차단,"금융,화장품","화장품,금융",66165089.0,61700200.0,127865289.0,26545044.0,-611845.0,-5.57,5,1,0,
2025-11-10,2025-11-11,강한상승장,1.4,상승공격 + 횡보차단,"금융,화장품",금융,74595654.0,53752100.0,128347754.0,27353118.0,482465.0,-5.57,5,0,1,
2025-11-11,2025-11-12,강한상승장,1.4,상승공격 + 횡보차단,"금융,화장품",엔터/게임,65842568.0,61233700.0,127076268.0,27353118.0,-1271486.0,-5.57,5,1,0,
2025-11-12,2025-11-13,강한상승장,1.4,상승공격 + 횡보차단,"금융,화장품","철강/비철,자동차",90109126.0,37992700.0,128101826.0,25362423.0,1025558.0,-5.57,4,0,1,
2025-11-13,2025-11-14,강한상승장,1.4,상승공격 + 횡보차단,"금융,화장품","철강/비철,엔터/게임",90109126.0,37946800.0,128055926.0,25362423.0,-45900.0,-5.57,4,0,0,
2025-11-14,2025-11-17,급락일,0.0,상승공격 + 횡보차단,"금융,화장품",원전/에너지,90109126.0,37301000.0,127410126.0,25362423.0,-645800.0,-5.57,4,0,0,
2025-11-17,2025-11-18,상승장,1.2,상승공격 + 횡보차단,"금융,화장품",,90109126.0,36818900.0,126928026.0,25362423.0,-482100.0,-5.57,4,0,0,
2025-11-18,2025-11-19,상승장,1.2,상승공격 + 횡보차단,"금융,화장품",방산/우주,90109126.0,35843800.0,125952926.0,25362423.0,-975100.0,-5.57,4,0,0,
2025-11-19,2025-11-20,횡보장,0.0,상승공격 + 횡보차단,"금융,화장품","전력/전선/인프라,방산/우주,로봇",90109126.0,36391500.0,126500626.0,25362423.0,547700.0,-5.57,4,0,0,
2025-11-20,2025-11-21,상승장,1.2,상승공격 + 횡보차단,"금융,화장품","음식료,화장품,지주/밸류업",75070617.0,51394500.0,126465117.0,25362423.0,-35509.0,-5.57,5,1,0,
2025-11-21,2025-11-24,급락일,0.0,상승공격 + 횡보차단,"금융,화장품","전력/전선/인프라,인터넷/소프트웨어",75070617.0,51250600.0,126321217.0,25362423.0,-143900.0,-5.57,5,0,0,
2025-11-24,2025-11-25,조정장,0.5,상승공격 + 횡보차단,"금융,화장품","화장품,조선/기계,통신",75070617.0,51295600.0,126366217.0,25362423.0,45000.0,-5.57,5,0,0,
2025-11-25,2025-11-26,횡보장,0.0,상승공격 + 횡보차단,"금융,화장품",,82895578.0,43779500.0,126675078.0,25668129.0,308861.0,-5.57,5,0,1,
2025-11-26,2025-11-27,횡보장,0.0,상승공격 + 횡보차단,"금융,화장품","2차전지,건설,원전/에너지",82895578.0,44466600.0,127362178.0,25668129.0,687100.0,-5.57,5,0,0,
2025-11-27,2025-11-28,횡보장,0.0,상승공격 + 횡보차단,"금융,화장품",철강/비철,82895578.0,44760600.0,127656178.0,25668129.0,294000.0,-5.57,5,0,0,
2025-11-28,2025-12-01,조정장,0.5,상승공격 + 횡보차단,"금융,화장품",자동차,82895578.0,44433500.0,127329078.0,25668129.0,-327100.0,-5.57,5,0,0,
2025-12-01,2025-12-02,조정장,0.5,상승공격 + 횡보차단,"금융,화장품","방산/우주,음식료,전력/전선/인프라",82895578.0,44791300.0,127686878.0,25668129.0,357800.0,-5.57,5,0,0,
2025-12-02,2025-12-03,횡보장,0.0,상승공격 + 횡보차단,"금융,화장품","금융,방산/우주,전력/전선/인프라",82895578.0,45539200.0,128434778.0,25668129.0,747900.0,-5.57,5,0,0,
2025-12-03,2025-12-04,횡보장,0.0,상승공격 + 횡보차단,"금융,화장품","건설,원전/에너지,지주/밸류업",82895578.0,45169000.0,128064578.0,25668129.0,-370200.0,-5.57,5,0,0,
2025-12-04,2025-12-05,횡보장,0.0,상승공격 + 횡보차단,"금융,화장품",원전/에너지,82895578.0,44660400.0,127555978.0,25668129.0,-508600.0,-5.57,5,0,0,
2025-12-05,2025-12-08,상승장,1.2,상승공격 + 횡보차단,"금융,화장품","건설,원전/에너지",82895578.0,45220600.0,128116178.0,25668129.0,560200.0,-5.57,5,0,0,
2025-12-08,2025-12-09,횡보장,0.0,상승공격 + 횡보차단,"금융,화장품","2차전지,조선/기계,화장품",87173716.0,40774200.0,127947916.0,26065361.0,-168262.0,-5.57,5,0,1,
2025-12-09,2025-12-10,횡보장,0.0,상승공격 + 횡보차단,"금융,화장품","방산/우주,철강/비철",87173716.0,40303400.0,127477116.0,26065361.0,-470800.0,-5.57,5,0,0,
2025-12-10,2025-12-11,횡보장,0.0,상승공격 + 횡보차단,"금융,화장품",인터넷/소프트웨어,87173716.0,39743700.0,126917416.0,26065361.0,-559700.0,-5.57,5,0,0,
2025-12-11,2025-12-12,횡보장,0.0,상승공격 + 횡보차단,"금융,화장품","PCB,조선/기계,인터넷/소프트웨어",87173716.0,39808700.0,126982416.0,26065361.0,65000.0,-5.57,5,0,0,
2025-12-12,2025-12-15,상승장,1.2,상승공격 + 횡보차단,"금융,화장품","로봇,건설,바이오",87173716.0,40019200.0,127192916.0,26065361.0,210500.0,-5.57,5,0,0,
2025-12-15,2025-12-16,횡보장,0.0,상승공격 + 횡보차단,"금융,화장품","건설,철강/비철,엔터/게임",87173716.0,39878700.0,127052416.0,26065361.0,-140500.0,-5.57,5,0,0,
2025-12-16,2025-12-17,횡보장,0.0,상승공격 + 횡보차단,"금융,화장품","인터넷/소프트웨어,화장품,철강/비철",87173716.0,40105500.0,127279216.0,26065361.0,226800.0,-5.57,5,0,0,
2025-12-17,2025-12-18,상승장,1.2,상승공격 + 횡보차단,"금융,화장품",엔터/게임,82671585.0,44489500.0,127161085.0,26065361.0,-118131.0,-5.57,5,1,0,
2025-12-18,2025-12-19,횡보장,0.0,상승공격 + 횡보차단,"금융,화장품",지주/밸류업,82671585.0,43815400.0,126486985.0,26065361.0,-674100.0,-5.57,5,0,0,
2025-12-19,2025-12-22,상승장,1.2,상승공격 + 횡보차단,"금융,화장품","방산/우주,2차전지,인터넷/소프트웨어",82671585.0,44264600.0,126936185.0,26065361.0,449200.0,-5.57,5,0,0,
2025-12-22,2025-12-23,상승장,1.2,상승공격 + 횡보차단,"금융,화장품",,82671585.0,44793700.0,127465285.0,26065361.0,529100.0,-5.57,5,0,0,
2025-12-23,2025-12-24,상승장,1.2,상승공격 + 횡보차단,"금융,화장품",엔터/게임,82671585.0,44245000.0,126916585.0,26065361.0,-548700.0,-5.57,5,0,0,
2025-12-24,2025-12-26,상승장,1.2,상승공격 + 횡보차단,"금융,화장품",철강/비철,82671585.0,44543500.0,127215085.0,26065361.0,298500.0,-5.57,5,0,0,
2025-12-26,2025-12-29,상승장,1.2,상승공격 + 횡보차단,"금융,화장품","바이오,원전/에너지",82671585.0,43993200.0,126664785.0,26065361.0,-550300.0,-5.57,5,0,0,
2025-12-29,2025-12-30,상승장,1.2,상승공격 + 횡보차단,"금융,화장품","방산/우주,인터넷/소프트웨어,전력/전선/인프라",82671585.0,44454800.0,127126385.0,26065361.0,461600.0,-5.57,5,0,0,
2025-12-30,2026-01-02,상승장,1.2,상승공격 + 횡보차단,"금융,화장품","2차전지,지주/밸류업,엔터/게임",95573841.0,31466900.0,127040741.0,25599341.0,-85644.0,-5.57,4,0,1,
2026-01-02,2026-01-05,강한상승장,1.4,상승공격 + 횡보차단,"금융,화장품","엔터/게임,인터넷/소프트웨어",95573841.0,31273600.0,126847441.0,25599341.0,-193300.0,-5.57,4,0,0,
2026-01-05,2026-01-06,강한상승장,1.4,상승공격 + 횡보차단,"금융,화장품",엔터/게임,95573841.0,31784500.0,127358341.0,25599341.0,510900.0,-5.57,4,0,0,
2026-01-06,2026-01-07,강한상승장,1.4,상승공격 + 횡보차단,"금융,화장품","전력/전선/인프라,인터넷/소프트웨어,원전/에너지",86853831.0,40353400.0,127207231.0,25599341.0,-151110.0,-5.57,4,1,0,
2026-01-07,2026-01-08,강한상승장,1.4,상승공격 + 횡보차단,"금융,화장품",인터넷/소프트웨어,86853831.0,40091800.0,126945631.0,25599341.0,-261600.0,-5.57,4,0,0,
2026-01-08,2026-01-09,강한상승장,1.4,상승공격 + 횡보차단,"금융,화장품",방산/우주,86853831.0,39526300.0,126380131.0,25599341.0,-565500.0,-5.57,4,0,0,
2026-01-09,2026-01-12,강한상승장,1.4,상승공격 + 횡보차단,"금융,화장품","철강/비철,바이오",86853831.0,40541000.0,127394831.0,25599341.0,1014700.0,-5.57,4,0,0,
2026-01-12,2026-01-13,강한상승장,1.4,상승공격 + 횡보차단,"건설,금융","건설,전력/전선/인프라,운송/해운",90198089.0,36869100.0,127067189.0,25505209.0,-327642.0,-5.57,4,1,1,
2026-01-13,2026-01-14,강한상승장,1.4,상승공격 + 횡보차단,"건설,금융","2차전지,운송/해운",90198089.0,37262000.0,127460089.0,25505209.0,392900.0,-5.57,4,0,0,
2026-01-14,2026-01-15,강한상승장,1.4,상승공격 + 횡보차단,"건설,금융","전력/전선/인프라,건설,지주/밸류업",90198089.0,37724550.0,127922639.0,25505209.0,462550.0,-5.57,4,0,0,
2026-01-15,2026-01-16,강한상승장,1.4,상승공격 + 횡보차단,"건설,금융","PCB,인터넷/소프트웨어,전력/전선/인프라",90198089.0,37877300.0,128075389.0,25505209.0,152750.0,-5.57,4,0,0,
2026-01-16,2026-01-19,강한상승장,1.4,상승공격 + 횡보차단,"건설,금융",운송/해운,90198089.0,37846000.0,128044089.0,25505209.0,-31300.0,-5.57,4,0,0,
2026-01-19,2026-01-20,강한상승장,1.4,상승공격 + 횡보차단,"건설,금융","2차전지,엔터/게임",90198089.0,37559050.0,127757139.0,25505209.0,-286950.0,-5.57,4,0,0,
2026-01-20,2026-01-21,강한상승장,1.4,상승공격 + 횡보차단,"건설,금융","2차전지,바이오,금융",89588940.0,39449800.0,129038740.0,26359017.0,1281601.0,-5.57,4,1,1,
2026-01-21,2026-01-22,강한상승장,1.4,상승공격 + 횡보차단,"건설,금융",,89588940.0,39578300.0,129167240.0,26359017.0,128500.0,-5.57,4,0,0,
2026-01-22,2026-01-23,강한상승장,1.4,상승공격 + 횡보차단,"건설,금융","화장품,철강/비철",94226250.0,34794550.0,129020800.0,27078537.0,-146440.0,-5.57,3,0,1,
2026-01-23,2026-01-26,강한상승장,1.4,상승공격 + 횡보차단,"금융,조선/기계","조선/기계,철강/비철",85649842.0,44248900.0,129898742.0,27838453.0,877942.0,-5.57,3,1,1,
2026-01-26,2026-01-27,강한상승장,1.4,상승공격 + 횡보차단,"금융,조선/기계","인터넷/소프트웨어,전력/전선/인프라",85649842.0,44180000.0,129829842.0,27838453.0,-68900.0,-5.57,3,0,0,
2026-01-27,2026-01-28,강한상승장,1.4,상승공격 + 횡보차단,"금융,조선/기계","통신,전력/전선/인프라,원전/에너지",76459553.0,54873800.0,131333353.0,27838453.0,1503511.0,-5.57,4,1,0,
2026-01-28,2026-01-29,강한상승장,1.4,상승공격 + 횡보차단,"금융,조선/기계","PCB,방산/우주",76459553.0,54132500.0,130592053.0,27838453.0,-741300.0,-5.57,4,0,0,
2026-01-29,2026-01-30,강한상승장,1.4,상승공격 + 횡보차단,"금융,조선/기계","PCB,원전/에너지",76459553.0,54142400.0,130601953.0,27838453.0,9900.0,-5.57,4,0,0,
2026-01-30,2026-02-02,강한상승장,1.4,상승공격 + 횡보차단,"금융,조선/기계","방산/우주,PCB",76459553.0,52987100.0,129446653.0,27838453.0,-1155300.0,-5.57,4,0,0,
2026-02-02,2026-02-03,급락일,0.0,상승공격 + 횡보차단,"금융,조선/기계","지주/밸류업,방산/우주,전력/전선/인프라",76459553.0,52233100.0,128692653.0,27838453.0,-754000.0,-5.57,4,0,0,
2026-02-03,2026-02-04,강한상승장,1.4,상승공격 + 횡보차단,"금융,조선/기계","지주/밸류업,전력/전선/인프라",85725891.0,45924800.0,131650691.0,29667525.0,2958038.0,-5.57,3,0,1,
2026-02-04,2026-02-05,강한상승장,1.4,상승공격 + 횡보차단,"금융,조선/기계","화장품,조선/기계,금융",95455860.0,37189200.0,132645060.0,30207205.0,994369.0,-5.57,2,0,1,
2026-02-05,2026-02-06,급락일,0.0,상승공격 + 횡보차단,"금융,조선/기계","화장품,철강/비철,바이오",95455860.0,35770800.0,131226660.0,30207205.0,-1418400.0,-5.57,2,0,0,
2026-02-06,2026-02-09,강한상승장,1.4,상승공격 + 횡보차단,"엔터/게임,조선/기계","엔터/게임,인터넷/소프트웨어",97009251.0,34491800.0,131501051.0,33532462.0,274391.0,-5.57,2,1,1,
2026-02-09,2026-02-10,강한상승장,1.4,상승공격 + 횡보차단,"엔터/게임,조선/기계","바이오,전력/전선/인프라,화장품",91473849.0,41335800.0,132809649.0,33532462.0,1308598.0,-5.57,2,1,0,
2026-02-10,2026-02-11,강한상승장,1.4,상승공격 + 횡보차단,"방산/우주,엔터/게임","방산/우주,운송/해운",95088360.0,37186000.0,132274360.0,31845708.0,-535289.0,-5.57,2,1,1,
2026-02-11,2026-02-12,강한상승장,1.4,상승공격 + 횡보차단,"방산/우주,엔터/게임",바이오,95088360.0,37230000.0,132318360.0,31845708.0,44000.0,-5.57,2,0,0,
2026-02-12,2026-02-13,강한상승장,1.4,상승공격 + 횡보차단,"방산/우주,엔터/게임","철강/비철,2차전지,인터넷/소프트웨어",95088360.0,37121000.0,132209360.0,31845708.0,-109000.0,-5.57,2,0,0,
2026-02-13,2026-02-19,강한상승장,1.4,상승공격 + 횡보차단,"방산/우주,엔터/게임",통신,95088360.0,37180000.0,132268360.0,31845708.0,59000.0,-5.57,2,0,0,
2026-02-19,2026-02-20,강한상승장,1.4,상승공격 + 횡보차단,"방산/우주,엔터/게임","조선/기계,2차전지,로봇",105127716.0,28496500.0,133624216.0,32751605.0,1355856.0,-5.57,2,0,1,
2026-02-20,2026-02-23,강한상승장,1.4,상승공격 + 횡보차단,"방산/우주,엔터/게임","조선/기계,방산/우주,전력/전선/인프라",95732156.0,39294500.0,135026656.0,32751605.0,1402440.0,-5.57,3,1,0,
2026-02-23,2026-02-24,강한상승장,1.4,상승공격 + 횡보차단,"방산/우주,엔터/게임","전력/전선/인프라,운송/해운",95732156.0,39338000.0,135070156.0,32751605.0,43500.0,-5.57,3,0,0,
2026-02-24,2026-02-25,강한상승장,1.4,상승공격 + 횡보차단,"방산/우주,엔터/게임","로봇,PCB,철강/비철",95732156.0,39355500.0,135087656.0,32751605.0,17500.0,-5.57,3,0,0,
2026-02-25,2026-02-26,강한상승장,1.4,상승공격 + 횡보차단,"방산/우주,엔터/게임","운송/해운,2차전지,PCB",95732156.0,38872000.0,134604156.0,32751605.0,-483500.0,-5.57,3,0,0,
2026-02-26,2026-02-27,강한상승장,1.4,상승공격 + 횡보차단,"방산/우주,엔터/게임",인터넷/소프트웨어,95732156.0,38339000.0,134071156.0,32751605.0,-533000.0,-5.57,3,0,0,
2026-02-27,2026-03-03,강한상승장,1.4,상승공격 + 횡보차단,"방산/우주,엔터/게임",방산/우주,106736288.0,28807500.0,135543788.0,34360177.0,1472632.0,-5.57,2,0,1,
2026-03-03,2026-03-04,급락일,0.0,상승공격 + 횡보차단,엔터/게임,"화학/정유,조선/기계,운송/해운",131096131.0,8987500.0,140083631.0,40229590.0,4539843.0,-5.57,1,0,1,
2026-03-04,2026-03-05,급락일,0.0,상승공격 + 횡보차단,엔터/게임,"화학/정유,원전/에너지",131096131.0,8175000.0,139271131.0,40229590.0,-812500.0,-5.57,1,0,0,
2026-03-05,2026-03-06,상승장,1.2,상승공격 + 횡보차단,"엔터/게임,화학/정유",화학/정유,106158306.0,32701600.0,138859906.0,40229590.0,-411225.0,-5.57,2,2,0,
2026-03-06,2026-03-09,강한상승장,1.4,상승공격 + 횡보차단,화학/정유,,122291115.0,15304600.0,137595715.0,39050172.0,-1264191.0,-5.57,1,0,1,
2026-03-09,2026-03-10,급락일,0.0,상승공격 + 횡보차단,화학/정유,,129295967.0,7593300.0,136889267.0,37675495.0,-706448.0,-5.57,1,0,1,
2026-03-10,2026-03-11,상승장,1.2,상승공격 + 횡보차단,,,136012383.0,0.0,136012383.0,36012383.0,-876884.0,-5.57,0,0,1,
2026-03-11,2026-03-12,강한상승장,1.4,상승공격 + 횡보차단,조선/기계,조선/기계,126839334.0,9240000.0,136079334.0,36012383.0,66951.0,-5.57,1,1,0,
2026-03-12,2026-03-13,강한상승장,1.4,상승공격 + 횡보차단,"건설,조선/기계","건설,바이오",117343944.0,19003400.0,136347344.0,36012383.0,268010.0,-5.57,2,1,0,
2026-03-13,2026-03-16,상승장,1.2,상승공격 + 횡보차단,"금융,조선/기계",금융,103156840.0,33718200.0,136875040.0,36810065.0,527696.0,-5.57,3,2,1,
2026-03-16,2026-03-17,상승장,1.2,상승공격 + 횡보차단,"금융,조선/기계",,103156840.0,33451200.0,136608040.0,36810065.0,-267000.0,-5.57,3,0,0,
2026-03-17,2026-03-18,상승장,1.2,상승공격 + 횡보차단,"금융,조선/기계",PCB,103156840.0,33976200.0,137133040.0,36810065.0,525000.0,-5.57,3,0,0,
2026-03-18,2026-03-19,상승장,1.2,상승공격 + 횡보차단,"금융,조선/기계","PCB,지주/밸류업",103156840.0,34993800.0,138150640.0,36810065.0,1017600.0,-5.57,3,0,0,
2026-03-19,2026-03-20,상승장,1.2,상승공격 + 횡보차단,"금융,조선/기계","PCB,전력/전선/인프라,바이오",103156840.0,35067800.0,138224640.0,36810065.0,74000.0,-5.57,3,0,0,
2026-03-20,2026-03-23,횡보장,0.0,상승공격 + 횡보차단,"금융,조선/기계","원전/에너지,금융",103156840.0,35097600.0,138254440.0,36810065.0,29800.0,-5.57,3,0,0,
2026-03-23,2026-03-24,급락일,0.0,상승공격 + 횡보차단,금융,"지주/밸류업,조선/기계",111497612.0,24208000.0,135705612.0,35977788.0,-2548828.0,-5.57,2,0,1,
2026-03-24,2026-03-25,조정장,0.5,상승공격 + 횡보차단,"2차전지,금융","2차전지,전력/전선/인프라,바이오",104818285.0,30985100.0,135803385.0,35977788.0,97773.0,-5.57,3,1,0,
2026-03-25,2026-03-26,조정장,0.5,상승공격 + 횡보차단,"2차전지,금융",전력/전선/인프라,104818285.0,31527800.0,136346085.0,35977788.0,542700.0,-5.57,3,0,0,
2026-03-26,2026-03-27,하락장,0.0,상승공격 + 횡보차단,"2차전지,금융",바이오,104818285.0,31754100.0,136572385.0,35977788.0,226300.0,-5.57,3,0,0,
2026-03-27,2026-03-30,하락장,0.0,상승공격 + 횡보차단,"2차전지,금융","전력/전선/인프라,2차전지",104818285.0,31942300.0,136760585.0,35977788.0,188200.0,-5.57,3,0,0,
2026-03-30,2026-03-31,하락장,0.0,상승공격 + 횡보차단,"2차전지,금융",2차전지,104818285.0,31319600.0,136137885.0,35977788.0,-622700.0,-5.57,3,0,0,
2026-03-31,2026-04-01,급락일,0.0,상승공격 + 횡보차단,"2차전지,금융","지주/밸류업,2차전지,금융",104818285.0,30330500.0,135148785.0,35977788.0,-989100.0,-5.57,3,0,0,
2026-04-01,2026-04-02,상승장,1.2,상승공격 + 횡보차단,"2차전지,금융","조선/기계,방산/우주",104818285.0,31907800.0,136726085.0,35977788.0,1577300.0,-5.57,3,0,0,
2026-04-02,2026-04-03,급락일,0.0,상승공격 + 횡보차단,"2차전지,금융","2차전지,원전/에너지",104818285.0,31476900.0,136295185.0,35977788.0,-430900.0,-5.57,3,0,0,
2026-04-03,2026-04-06,조정장,0.5,상승공격 + 횡보차단,"2차전지,금융",,104818285.0,31339100.0,136157385.0,35977788.0,-137800.0,-5.57,3,0,0,
2026-04-06,2026-04-07,상승장,1.2,상승공격 + 횡보차단,"2차전지,금융",,104818285.0,31906900.0,136725185.0,35977788.0,567800.0,-5.57,3,0,0,
2026-04-07,2026-04-08,횡보장,0.0,상승공격 + 횡보차단,"2차전지,금융",,104818285.0,31501100.0,136319385.0,35977788.0,-405800.0,-5.57,3,0,0,
2026-04-08,2026-04-09,상승장,1.2,상승공격 + 횡보차단,"2차전지,금융","철강/비철,지주/밸류업",104818285.0,32925400.0,137743685.0,35977788.0,1424300.0,-5.57,3,0,0,
2026-04-09,2026-04-10,상승장,1.2,상승공격 + 횡보차단,"2차전지,금융",2차전지,88358515.0,49385000.0,137743515.0,35977788.0,-170.0,-5.57,4,1,0,
2026-04-10,2026-04-13,상승장,1.2,상승공격 + 횡보차단,"2차전지,금융",전력/전선/인프라,104888109.0,33144400.0,138032509.0,36196754.0,288994.0,-5.57,3,0,2,
2026-04-13,2026-04-14,상승장,1.2,상승공격 + 횡보차단,"2차전지,금융",,109247559.0,28536100.0,137783659.0,36199206.0,-248850.0,-5.57,3,0,1,
2026-04-14,2026-04-15,상승장,1.2,상승공격 + 횡보차단,"2차전지,금융","지주/밸류업,PCB",109247559.0,28454600.0,137702159.0,36199206.0,-81500.0,-5.57,3,0,0,
2026-04-15,2026-04-16,상승장,1.2,상승공격 + 횡보차단,"2차전지,금융","원전/에너지,인터넷/소프트웨어,금융",101814437.0,36080400.0,137894837.0,37187508.0,192678.0,-5.57,4,1,1,
2026-04-16,2026-04-17,상승장,1.2,상승공격 + 횡보차단,"2차전지,금융","조선/기계,인터넷/소프트웨어",101814437.0,36707800.0,138522237.0,37187508.0,627400.0,-5.57,4,0,0,
2026-04-17,2026-04-20,상승장,1.2,상승공격 + 횡보차단,"2차전지,금융","2차전지,조선/기계,철강/비철",101814437.0,36990500.0,138804937.0,37187508.0,282700.0,-5.57,4,0,0,
2026-04-20,2026-04-21,강한상승장,1.4,상승공격 + 횡보차단,"2차전지,금융","PCB,2차전지,원전/에너지",104089193.0,35117700.0,139206893.0,37525821.0,401956.0,-5.57,4,0,1,
2026-04-21,2026-04-22,강한상승장,1.4,상승공격 + 횡보차단,"금융,철강/비철","철강/비철,조선/기계",105323385.0,35408050.0,140731435.0,39984021.0,1524542.0,-5.57,3,1,2,
2026-04-22,2026-04-23,강한상승장,1.4,상승공격 + 횡보차단,"금융,철강/비철","전력/전선/인프라,금융",105323385.0,34929100.0,140252485.0,39984021.0,-478950.0,-5.57,3,0,0,
2026-04-23,2026-04-24,강한상승장,1.4,상승공격 + 횡보차단,"금융,철강/비철","전력/전선/인프라,원전/에너지",105323385.0,35388650.0,140712035.0,39984021.0,459550.0,-5.57,3,0,0,
2026-04-24,2026-04-27,강한상승장,1.4,상승공격 + 횡보차단,"금융,철강/비철","자동차,금융",105323385.0,35639700.0,140963085.0,39984021.0,251050.0,-5.57,3,0,0,
2026-04-27,2026-04-28,강한상승장,1.4,상승공격 + 횡보차단,"금융,로봇",로봇,86713331.0,53593900.0,140307231.0,40872260.0,-655854.0,-5.57,4,2,1,
2026-04-28,2026-04-29,강한상승장,1.4,상승공격 + 횡보차단,"금융,로봇","철강/비철,2차전지",86713331.0,53713050.0,140426381.0,40872260.0,119150.0,-5.57,4,0,0,
2026-04-29,2026-04-30,강한상승장,1.4,상승공격 + 횡보차단,"금융,로봇",금융,86713331.0,53932800.0,140646131.0,40872260.0,219750.0,-5.57,4,0,0,
2026-04-30,2026-05-04,강한상승장,1.4,상승공격 + 횡보차단,"금융,로봇","인터넷/소프트웨어,로봇,금융",73982918.0,66228750.0,140211668.0,40872260.0,-434463.0,-5.57,5,1,0,
2026-05-04,2026-05-06,강한상승장,1.4,상승공격 + 횡보차단,"금융,로봇",,73982918.0,66430050.0,140412968.0,40872260.0,201300.0,-5.57,5,0,0,
2026-05-06,2026-05-07,강한상승장,1.4,상승공격 + 횡보차단,"금융,로봇",,73982918.0,66513850.0,140496768.0,40872260.0,83800.0,-5.57,5,0,0,
2026-05-07,2026-05-08,강한상승장,1.4,상승공격 + 횡보차단,"금융,로봇","건설,원전/에너지,로봇",73982918.0,65772800.0,139755718.0,40872260.0,-741050.0,-5.57,5,0,0,
2026-05-08,2026-05-11,강한상승장,1.4,상승공격 + 횡보차단,"금융,로봇","로봇,인터넷/소프트웨어",102299140.0,42205100.0,144504240.0,43153189.0,4748522.0,-5.57,4,0,3,
2026-05-11,2026-05-12,강한상승장,1.4,상승공격 + 횡보차단,금융,,120691939.0,25201600.0,145893539.0,45512796.0,1389299.0,-5.57,2,0,2,
2026-05-12,2026-05-13,강한상승장,1.4,상승공격 + 횡보차단,"2차전지,금융","2차전지,로봇",80443781.0,65227600.0,145671381.0,45512796.0,-222158.0,-5.57,4,3,0,
2026-05-13,2026-05-14,강한상승장,1.4,상승공격 + 횡보차단,"2차전지,금융",바이오,80443781.0,64960700.0,145404481.0,45512796.0,-266900.0,-5.57,4,0,0,
2026-05-14,2026-05-15,강한상승장,1.4,상승공격 + 횡보차단,"2차전지,금융","건설,바이오",80443781.0,65973300.0,146417081.0,45512796.0,1012600.0,-5.57,4,0,0,
2026-05-15,2026-05-18,급락일,0.0,상승공격 + 횡보차단,"2차전지,금융","로봇,2차전지",89884517.0,55212500.0,145097017.0,45055820.0,-1320064.0,-5.57,3,0,1,
2026-05-18,2026-05-19,강한상승장,1.4,상승공격 + 횡보차단,금융,전력/전선/인프라,110034066.0,34329100.0,144363166.0,44962919.0,-733851.0,-5.57,2,0,1,
2026-05-19,2026-05-20,강한상승장,1.4,상승공격 + 횡보차단,"금융,방산/우주","방산/우주,로봇",81060580.0,63140100.0,144200680.0,44962919.0,-162486.0,-5.57,4,2,0,
2026-05-20,2026-05-21,강한상승장,1.4,상승공격 + 횡보차단,"금융,방산/우주",,81060580.0,62089300.0,143149880.0,44962919.0,-1050800.0,-5.57,4,0,0,
2026-05-21,2026-05-22,강한상승장,1.4,상승공격 + 횡보차단,"금융,방산/우주",건설,81060580.0,63159000.0,144219580.0,44962919.0,1069700.0,-5.57,4,0,0,
2026-05-22,2026-05-26,강한상승장,1.4,상승공격 + 횡보차단,"금융,방산/우주","2차전지,바이오",91135355.0,54891200.0,146026555.0,45533885.0,1806975.0,-5.57,3,0,1,
2026-05-26,2026-05-27,강한상승장,1.4,상승공격 + 횡보차단,"금융,방산/우주","조선/기계,건설",91135355.0,54084700.0,145220055.0,45533885.0,-806500.0,-5.57,3,0,0,
2026-05-27,2026-05-28,강한상승장,1.4,상승공격 + 횡보차단,"금융,방산/우주",인터넷/소프트웨어,91135355.0,53297200.0,144432555.0,45533885.0,-787500.0,-5.57,3,0,0,
2026-05-28,2026-05-29,강한상승장,1.4,상승공격 + 횡보차단,"금융,방산/우주","2차전지,인터넷/소프트웨어",81433091.0,61344100.0,142777191.0,45533885.0,-1655364.0,-5.57,3,1,0,
2026-05-29,2026-06-01,강한상승장,1.4,상승공격 + 횡보차단,"금융,방산/우주",2차전지,81433091.0,60948000.0,142381091.0,45533885.0,-396100.0,-5.57,3,0,0,
2026-06-01,2026-06-02,강한상승장,1.4,상승공격 + 횡보차단,"금융,방산/우주",로봇,75865314.0,65995500.0,141860814.0,45533885.0,-520277.0,-5.57,3,1,0,
2026-06-02,2026-06-04,강한상승장,1.4,상승공격 + 횡보차단,"금융,방산/우주","로봇,통신",75865314.0,65197800.0,141063114.0,45533885.0,-797700.0,-5.57,3,0,0,
2026-06-04,2026-06-05,강한상승장,1.4,상승공격 + 횡보차단,"금융,방산/우주",금융,75865314.0,66762900.0,142628214.0,45533885.0,1565100.0,-5.57,3,0,0,
2026-06-05,2026-06-08,급락일,0.0,상승공격 + 횡보차단,금융,금융,112049599.0,29000400.0,141049999.0,38778735.0,-1578215.0,-5.57,1,0,2,
2026-06-08,2026-06-09,급락일,0.0,상승공격 + 횡보차단,금융,,112049599.0,25603500.0,137653099.0,38778735.0,-3396900.0,-5.99,1,0,0,
2026-06-09,2026-06-10,강한상승장,1.4,상승공격 + 횡보차단,금융,,112049599.0,26161200.0,138210799.0,38778735.0,557700.0,-5.99,1,0,0,
2026-06-10,2026-06-11,급락일,0.0,상승공격 + 횡보차단,금융,"전력/전선/인프라,조선/기계",112049599.0,26026000.0,138075599.0,38778735.0,-135200.0,-5.99,1,0,0,
2026-06-11,2026-06-12,상승장,1.2,상승공격 + 횡보차단,"금융,지주/밸류업","지주/밸류업,PCB,조선/기계",95824366.0,40339500.0,136163866.0,38778735.0,-1911733.0,-7.0,2,1,0,
2026-06-12,2026-06-15,상승장,1.2,상승공격 + 횡보차단,"금융,지주/밸류업","전력/전선/인프라,PCB",95824366.0,43538800.0,139363166.0,38778735.0,3199300.0,-7.0,2,0,0,
2026-06-15,2026-06-16,상승장,1.2,상승공격 + 횡보차단,"금융,지주/밸류업",,95824366.0,45618400.0,141442766.0,38778735.0,2079600.0,-7.0,2,0,0,
2026-06-16,2026-06-17,강한상승장,1.4,상승공격 + 횡보차단,"금융,지주/밸류업",,105007197.0,38074000.0,143081197.0,39848949.0,1638431.0,-7.0,2,0,1,
2026-06-17,2026-06-18,강한상승장,1.4,상승공격 + 횡보차단,"금융,조선/기계",조선/기계,94912231.0,47814100.0,142726331.0,41649480.0,-354866.0,-7.0,2,1,1,
2026-06-18,2026-06-19,강한상승장,1.4,상승공격 + 횡보차단,"금융,조선/기계",,104420711.0,36946400.0,141367111.0,41087652.0,-1359220.0,-7.0,2,0,1,
2026-06-19,2026-06-22,강한상승장,1.4,상승공격 + 횡보차단,"금융,조선/기계",2차전지,94640468.0,46397900.0,141038368.0,41087652.0,-328743.0,-7.0,2,1,0,
2026-06-22,2026-06-23,강한상승장,1.4,상승공격 + 횡보차단,,,139253422.0,0.0,139253422.0,39253422.0,-1784946.0,-7.0,0,0,2,
2026-06-23,2026-06-24,급락일,0.0,상승공격 + 횡보차단,,,139253422.0,0.0,139253422.0,39253422.0,0.0,-7.0,0,0,0,
2026-06-24,2026-06-25,상승장,1.2,상승공격 + 횡보차단,,,139253422.0,0.0,139253422.0,39253422.0,0.0,-7.0,0,0,0,
2026-06-25,2026-06-26,강한상승장,1.4,상승공격 + 횡보차단,,,139253422.0,0.0,139253422.0,39253422.0,0.0,-7.0,0,0,0,
2026-06-26,2026-06-29,급락일,0.0,상승공격 + 횡보차단,,,139253422.0,0.0,139253422.0,39253422.0,0.0,-7.0,0,0,0,
