기준일,장세,총자산,전략일수익률,KODEX200종가,KODEX200일수익률,KODEX200_20일수익률,현금,보유섹터,오늘신호섹터
2023-07-12,횡보장,100000000.0,0.0,32366,0.641,-1.269,100000000.0,,건설
2023-07-13,횡보장,100000000.0,0.0,32625,0.8,-0.129,100000000.0,,바이오
2023-07-14,횡보장,100000000.0,0.0,33120,1.517,0.899,100000000.0,,자동차
2023-07-17,횡보장,100000000.0,0.0,32990,-0.393,1.06,100000000.0,,"건설,로봇,인터넷/소프트웨어"
2023-07-18,횡보장,100000000.0,0.0,32777,-0.646,0.583,100000000.0,,화학/정유
2023-07-19,횡보장,100000000.0,0.0,32739,-0.116,1.416,100000000.0,,
2023-07-20,횡보장,100000000.0,0.0,32639,-0.305,0.856,100000000.0,,
2023-07-21,횡보장,100000000.0,0.0,32672,0.101,1.441,100000000.0,,"운송/해운,로봇,금융"
2023-07-24,횡보장,100000000.0,0.0,32888,0.661,1.613,100000000.0,,
2023-07-25,횡보장,100000000.0,0.0,32943,0.167,1.824,100000000.0,,엔터/게임
2023-07-26,횡보장,100000000.0,0.0,32516,-1.296,1.044,100000000.0,,전력/전선/인프라
2023-07-27,횡보장,100000000.0,0.0,32911,1.215,2.287,100000000.0,,"방산/우주,금융,바이오"
2023-07-28,횡보장,100000000.0,0.0,32834,-0.234,1.751,100000000.0,,
2023-07-31,횡보장,100000000.0,0.0,32982,0.451,0.641,100000000.0,,"로봇,지주/밸류업"
2023-08-01,횡보장,100000000.0,0.0,33523,1.64,2.693,100000000.0,,"지주/밸류업,엔터/게임,로봇"
2023-08-02,횡보장,100000000.0,0.0,32797,-2.166,1.429,100000000.0,,"원전/에너지,자동차,엔터/게임"
2023-08-03,횡보장,100000000.0,0.0,32577,-0.671,1.527,100000000.0,,"바이오,엔터/게임"
2023-08-04,상승장,100148878.0,0.149,32582,0.015,3.007,88180878.0,엔터/게임,엔터/게임
2023-08-07,횡보장,100258878.0,0.11,32501,-0.249,2.92,88180878.0,엔터/게임,자동차
2023-08-08,횡보장,100148878.0,-0.11,32232,-0.828,0.224,88180878.0,엔터/게임,
2023-08-09,횡보장,99598878.0,-0.549,32582,1.086,0.667,88180878.0,엔터/게임,바이오
2023-08-10,횡보장,99466878.0,-0.133,32478,-0.319,-0.451,88180878.0,엔터/게임,"운송/해운,방산/우주,바이오"
2023-08-11,횡보장,99155578.0,-0.313,32370,-0.333,-2.264,99155578.0,,"화장품,조선/기계"
2023-08-14,횡보장,99155578.0,0.0,32082,-0.89,-2.752,99155578.0,,"음식료,조선/기계"
2023-08-16,조정장,99211099.0,0.056,31600,-1.502,-3.591,94192999.0,PCB,"PCB,음식료"
2023-08-17,조정장,99642640.0,0.435,31506,-0.297,-3.766,89215176.0,"PCB,금융",금융
2023-08-18,조정장,100171742.0,0.531,31339,-0.53,-3.983,90158262.0,"금융,운송/해운",운송/해운
2023-08-21,조정장,100274032.0,0.102,31363,0.077,-4.006,90158262.0,"금융,운송/해운",
2023-08-22,조정장,100089262.0,-0.184,31486,0.392,-4.263,90158262.0,"금융,운송/해운",조선/기계
2023-08-23,조정장,100116742.0,0.027,31419,-0.213,-4.626,90158262.0,"금융,운송/해운",원전/에너지
2023-08-24,횡보장,100160792.0,0.044,31849,1.369,-2.051,90158262.0,"금융,운송/해운",
2023-08-25,조정장,100061762.0,-0.099,31501,-1.093,-4.284,90158262.0,"금융,운송/해운","자동차,소비/유통/호텔"
2023-08-28,조정장,100113912.0,0.052,31715,0.679,-3.408,90158262.0,"금융,운송/해운","원전/에너지,조선/기계,건설"
2023-08-29,조정장,100242062.0,0.128,31863,0.467,-3.393,90158262.0,"금융,운송/해운","엔터/게임,자동차,조선/기계"
2023-08-30,조정장,100079952.0,-0.162,31958,0.298,-4.668,90158262.0,"금융,운송/해운",원전/에너지
2023-08-31,횡보장,100120742.0,0.041,31972,0.044,-2.515,90158262.0,"금융,운송/해운","원전/에너지,금융"
2023-09-01,횡보장,100055262.0,-0.065,32291,0.998,-0.878,90158262.0,"금융,운송/해운",전력/전선/인프라
2023-09-04,횡보장,100150662.0,0.095,32496,0.635,-0.264,90158262.0,"금융,운송/해운",화학/정유
2023-09-05,횡보장,100121152.0,-0.029,32463,-0.102,-0.117,90158262.0,"금융,운송/해운",
2023-09-06,횡보장,100117502.0,-0.004,32236,-0.699,0.012,90158262.0,"금융,운송/해운","방산/우주,화학/정유"
2023-09-07,횡보장,100113462.0,-0.004,32072,-0.509,-1.565,90158262.0,"금융,운송/해운","자동차,방산/우주,바이오"
2023-09-08,횡보장,100163192.0,0.05,32119,0.147,-1.105,90158262.0,"금융,운송/해운","지주/밸류업,PCB"
2023-09-11,횡보장,100221782.0,0.058,32212,0.29,-0.488,90158262.0,"금융,운송/해운","바이오,원전/에너지,금융"
2023-09-12,횡보장,100112232.0,-0.109,32043,-0.525,-0.122,90158262.0,"금융,운송/해운",
2023-09-13,횡보장,99950902.0,-0.161,32067,0.075,1.478,90158262.0,"금융,운송/해운","화학/정유,자동차,금융"
2023-09-14,상승장,100275644.0,0.325,32520,1.413,3.218,78166194.0,"금융,운송/해운","자동차,금융,화학/정유"
2023-09-15,상승장,100992360.0,0.715,32944,1.304,5.121,80913660.0,"금융,운송/해운","금융,화학/정유,자동차"
2023-09-18,상승장,100999660.0,0.007,32549,-1.199,3.782,80913660.0,"금융,운송/해운",화학/정유
2023-09-19,횡보장,100765210.0,-0.232,32301,-0.762,2.588,80913660.0,"금융,운송/해운",
2023-09-20,횡보장,101333257.0,0.564,32296,-0.015,2.791,87248257.0,"금융,운송/해운",운송/해운
2023-09-21,횡보장,101390257.0,0.056,31729,-1.756,-0.377,87248257.0,"금융,운송/해운","엔터/게임,통신"
2023-09-22,횡보장,100951057.0,-0.433,31615,-0.359,0.362,87248257.0,"금융,운송/해운","방산/우주,PCB,통신"
2023-09-25,횡보장,100853857.0,-0.096,31642,0.085,-0.23,87248257.0,"금융,운송/해운","엔터/게임,자동차"
2023-09-26,횡보장,100785457.0,-0.068,31231,-1.299,-1.983,87248257.0,"금융,운송/해운","화학/정유,금융,인터넷/소프트웨어"
2023-09-27,횡보장,100634257.0,-0.15,31307,0.243,-2.037,87248257.0,"금융,운송/해운","화학/정유,자동차"
2023-10-04,조정장,100229257.0,-0.402,30477,-2.651,-4.676,87248257.0,"금융,운송/해운","인터넷/소프트웨어,자동차,통신"
2023-10-05,조정장,100139562.0,-0.089,30487,0.033,-5.587,83380732.0,"운송/해운,지주/밸류업","지주/밸류업,로봇,PCB"
2023-10-06,조정장,99818642.0,-0.32,30543,0.184,-6.01,83380732.0,"운송/해운,지주/밸류업",
2023-10-10,조정장,99378485.0,-0.441,30614,0.232,-5.696,88785173.0,"방산/우주,운송/해운","방산/우주,원전/에너지,자동차"
2023-10-11,조정장,99553800.0,0.176,31129,1.682,-3.434,91647594.0,"방산/우주,운송/해운",PCB
2023-10-12,횡보장,99606635.0,0.053,31482,1.134,-1.84,93058891.0,"방산/우주,운송/해운","엔터/게임,바이오,로봇"
2023-10-13,횡보장,99593360.0,-0.013,31207,-0.874,-2.839,93734134.0,"방산/우주,운송/해운","원전/에너지,화장품"
2023-10-16,조정장,99348735.0,-0.246,30968,-0.766,-3.862,89107437.0,"방산/우주,운송/해운",운송/해운
2023-10-17,횡보장,99318430.0,-0.031,31348,1.227,-2.169,89283072.0,"방산/우주,운송/해운",로봇
2023-10-18,횡보장,99365018.0,0.047,31482,0.427,-1.824,89283072.0,"방산/우주,운송/해운","PCB,자동차,금융"
2023-10-19,조정장,99111992.0,-0.255,30882,-1.906,-5.037,89283072.0,"방산/우주,운송/해운",인터넷/소프트웨어
2023-10-20,조정장,98966553.0,-0.147,30416,-1.509,-7.674,86888671.0,"방산/우주,운송/해운",자동차
2023-10-23,조정장,99495275.0,0.534,30253,-0.536,-7.054,86888671.0,"방산/우주,운송/해운","전력/전선/인프라,방산/우주,건설"
2023-10-24,조정장,99525719.0,0.031,30487,0.773,-5.616,86888671.0,"방산/우주,운송/해운","로봇,화학/정유,엔터/게임"
2023-10-25,조정장,99637937.0,0.113,30320,-0.548,-6.118,86888671.0,"방산/우주,운송/해운","화학/정유,화장품"
2023-10-26,조정장,99452683.0,-0.186,29543,-2.563,-6.89,86888671.0,"방산/우주,운송/해운","엔터/게임,화학/정유,자동차"
2023-10-27,조정장,99326161.0,-0.127,29572,0.098,-6.462,86888671.0,"방산/우주,운송/해운","엔터/게임,금융"
2023-10-30,조정장,99693658.0,0.37,29653,0.274,-6.286,86978404.0,"방산/우주,운송/해운","소비/유통/호텔,금융,건설"
2023-10-31,조정장,99789660.0,0.096,29292,-1.217,-6.209,87022104.0,"방산/우주,운송/해운","화장품,전력/전선/인프라,인터넷/소프트웨어"
2023-11-01,조정장,100719225.0,0.932,29697,1.383,-5.143,91376536.0,"방산/우주,운송/해운","방산/우주,화장품,전력/전선/인프라"
2023-11-02,횡보장,100768415.0,0.049,30191,1.663,-0.938,95730915.0,운송/해운,"엔터/게임,PCB,바이오"
2023-11-03,횡보장,100843415.0,0.074,30496,1.01,0.03,95730915.0,운송/해운,"로봇,엔터/게임"
2023-11-06,상승장,101145591.0,0.3,31924,4.683,4.521,77609251.0,"로봇,운송/해운","로봇,화학/정유"
2023-11-07,횡보장,100847690.0,-0.295,31345,-1.814,2.388,84008190.0,"로봇,운송/해운",
2023-11-08,횡보장,100828899.0,-0.019,31054,-0.928,-0.241,89773399.0,"로봇,운송/해운",전력/전선/인프라
2023-11-09,횡보장,100918899.0,0.089,31203,0.48,-0.886,89773399.0,"로봇,운송/해운",지주/밸류업
2023-11-10,횡보장,100369399.0,-0.544,31025,-0.57,-0.583,89773399.0,"로봇,운송/해운",전력/전선/인프라
2023-11-13,횡보장,100348698.0,-0.021,31002,-0.074,0.11,92506698.0,"로봇,운송/해운",
2023-11-14,횡보장,100484325.0,0.135,31321,1.029,-0.086,93926325.0,"로봇,운송/해운","자동차,통신"
2023-11-15,횡보장,100674715.0,0.189,32001,2.171,1.649,96663765.0,"로봇,운송/해운",
2023-11-16,상승장,100736315.0,0.061,31976,-0.078,3.543,96663765.0,"로봇,운송/해운","방산/우주,PCB,전력/전선/인프라"
2023-11-17,상승장,100794214.0,0.057,31813,-0.51,4.593,93133464.0,"로봇,운송/해운",
2023-11-20,상승장,100952214.0,0.157,32066,0.795,5.993,93133464.0,"로봇,운송/해운","엔터/게임,조선/기계"
2023-11-21,상승장,100977464.0,0.025,32221,0.483,5.688,93133464.0,"로봇,운송/해운","금융,조선/기계"
2023-11-22,상승장,100760214.0,-0.215,32278,0.177,6.458,93133464.0,"로봇,운송/해운","바이오,인터넷/소프트웨어,조선/기계"
2023-11-23,상승장,100885464.0,0.124,32282,0.012,9.271,93133464.0,"로봇,운송/해운",방산/우주
2023-11-24,상승장,100862464.0,-0.023,32028,-0.787,8.305,93133464.0,"로봇,운송/해운","바이오,전력/전선/인프라"
2023-11-27,상승장,100734714.0,-0.127,31991,-0.116,7.885,93133464.0,"로봇,운송/해운","PCB,금융"
2023-11-28,강한상승장,101237342.0,0.499,32357,1.144,10.464,77498842.0,"운송/해운,조선/기계","조선/기계,지주/밸류업,금융"
2023-11-29,상승장,101854842.0,0.61,32255,-0.315,8.614,77498842.0,"운송/해운,조선/기계","방산/우주,자동차,철강/비철"
2023-11-30,상승장,102444092.0,0.579,32438,0.567,7.443,77498842.0,"운송/해운,조선/기계","자동차,지주/밸류업,방산/우주"
2023-12-01,상승장,102442980.0,-0.001,32071,-1.131,5.165,85029930.0,"운송/해운,조선/기계",화학/정유
2023-12-04,횡보장,102548606.0,0.103,32236,0.514,0.977,96058406.0,"운송/해운,조선/기계",운송/해운
2023-12-05,횡보장,102366656.0,-0.177,31880,-1.104,1.707,96058406.0,"운송/해운,조선/기계",원전/에너지
2023-12-06,상승장,102470960.0,0.102,31986,0.332,3.001,83814610.0,"운송/해운,조선/기계",조선/기계
2023-12-07,횡보장,102209860.0,-0.255,31861,-0.391,2.109,83814610.0,"운송/해운,조선/기계",
2023-12-08,상승장,102112525.0,-0.095,32324,1.453,4.187,93243125.0,"운송/해운,조선/기계","바이오,PCB"
2023-12-11,상승장,102044875.0,-0.066,32434,0.34,4.619,99207375.0,운송/해운,
2023-12-12,상승장,102056318.0,0.011,32569,0.416,3.985,80814268.0,"운송/해운,자동차",자동차
2023-12-13,횡보장,102036518.0,-0.019,32255,-0.964,0.794,80814268.0,"운송/해운,자동차",
2023-12-14,횡보장,102026918.0,-0.009,32645,1.209,2.092,80814268.0,"운송/해운,자동차","자동차,조선/기계,금융"
2023-12-15,상승장,102471670.0,0.436,32831,0.57,3.2,71444070.0,"자동차,조선/기계","조선/기계,금융"
2023-12-18,횡보장,102078470.0,-0.384,32936,0.32,2.713,71444070.0,"자동차,조선/기계",운송/해운
2023-12-19,횡보장,101712670.0,-0.358,32966,0.091,2.312,71444070.0,"자동차,조선/기계",엔터/게임
2023-12-20,상승장,102670580.0,0.942,33599,1.92,4.093,77946580.0,"자동차,조선/기계",
2023-12-21,상승장,102278580.0,-0.382,33380,-0.652,3.401,77946580.0,"자동차,조선/기계",
2023-12-22,상승장,102540365.0,0.256,33486,0.318,4.552,83047258.0,"방산/우주,자동차",방산/우주
2023-12-26,상승장,102413282.0,-0.124,33624,0.412,5.105,83047258.0,"방산/우주,자동차","통신,금융,화학/정유"
2023-12-27,상승장,102649145.0,0.23,33997,1.109,5.068,89898464.0,"방산/우주,자동차",통신
2023-12-28,상승장,102859145.0,0.205,34555,1.641,7.131,89898464.0,"방산/우주,자동차",금융
2024-01-02,상승장,102940057.0,0.079,34765,0.608,7.174,89898464.0,"방산/우주,자동차",PCB
2024-01-03,상승장,102928604.0,-0.011,33801,-2.773,5.394,77588215.0,"방산/우주,자동차","전력/전선/인프라,방산/우주,2차전지"
2024-01-04,상승장,102540522.0,-0.377,33504,-0.879,3.933,65260326.0,"방산/우주,자동차","운송/해운,방산/우주,화학/정유"
2024-01-05,상승장,101938541.0,-0.587,33409,-0.284,4.796,65260326.0,"방산/우주,자동차","엔터/게임,전력/전선/인프라"
2024-01-08,상승장,101157755.0,-0.766,33299,-0.329,4.105,65260326.0,"방산/우주,자동차",
2024-01-09,상승장,101123396.0,-0.034,33176,-0.369,4.127,65260326.0,"방산/우주,자동차",PCB
2024-01-10,횡보장,102090542.0,0.956,32812,-1.097,1.51,71799542.0,"방산/우주,자동차","금융,방산/우주"
2024-01-11,횡보장,102059242.0,-0.031,32865,0.162,1.329,71799542.0,"방산/우주,자동차",지주/밸류업
2024-01-12,횡보장,101992042.0,-0.066,32550,-0.958,-0.058,71799542.0,"방산/우주,자동차","운송/해운,방산/우주,엔터/게임"
2024-01-15,횡보장,102054142.0,0.061,32686,0.418,1.336,71799542.0,"방산/우주,자동차",엔터/게임
2024-01-16,횡보장,101668942.0,-0.377,32241,-1.361,-1.238,71799542.0,"방산/우주,자동차","음식료,엔터/게임"
2024-01-17,조정장,101279446.0,-0.383,31450,-2.453,-4.206,69273746.0,"방산/우주,자동차","음식료,금융,자동차"
2024-01-18,조정장,101152381.0,-0.125,31597,0.467,-4.065,64327023.0,"방산/우주,자동차","음식료,자동차,방산/우주"
2024-01-19,횡보장,101382755.0,0.228,32071,1.5,-2.715,64327023.0,"방산/우주,자동차",화학/정유
2024-01-22,조정장,101618431.0,0.232,32104,0.103,-4.45,64327023.0,"방산/우주,자동차","화학/정유,방산/우주"
2024-01-23,조정장,101647909.0,0.029,32273,0.526,-3.316,64327023.0,"방산/우주,자동차","금융,운송/해운"
2024-01-24,조정장,101242119.0,-0.399,32148,-0.387,-3.996,64327023.0,"방산/우주,자동차","운송/해운,원전/에너지"
2024-01-25,조정장,101774664.0,0.526,32187,0.121,-4.274,69997950.0,"방산/우주,자동차",엔터/게임
2024-01-26,조정장,101744283.0,-0.03,32246,0.183,-5.15,72708501.0,"방산/우주,자동차",
2024-01-29,조정장,102585261.0,0.827,32626,1.178,-5.582,74006309.0,"방산/우주,자동차","엔터/게임,지주/밸류업,인터넷/소프트웨어"
2024-01-30,조정장,101876527.0,-0.691,32569,-0.175,-6.317,72188155.0,"방산/우주,자동차","지주/밸류업,인터넷/소프트웨어"
2024-01-31,조정장,103111360.0,1.212,32410,-0.488,-4.115,67346806.0,"방산/우주,자동차","지주/밸류업,건설,방산/우주"
2024-02-01,횡보장,104042053.0,0.903,32967,1.719,-1.603,72639505.0,"방산/우주,자동차",통신
2024-02-02,횡보장,106303977.0,2.174,34031,3.227,1.862,94332895.0,방산/우주,운송/해운
2024-02-05,횡보장,106232265.0,-0.067,33617,-1.217,0.955,94332895.0,방산/우주,
2024-02-06,횡보장,106293369.0,0.058,33489,-0.381,0.943,94332895.0,방산/우주,화학/정유
2024-02-07,상승장,106558460.0,0.249,33963,1.415,3.508,68840698.0,"방산/우주,운송/해운","방산/우주,운송/해운"
2024-02-08,상승장,106313328.0,-0.23,34001,0.112,3.457,68840698.0,"방산/우주,운송/해운","로봇,방산/우주,철강/비철"
2024-02-13,상승장,106547226.0,0.22,34417,1.223,5.736,62451216.0,"방산/우주,운송/해운","바이오,로봇"
2024-02-14,상승장,108121883.0,1.478,33949,-1.36,3.864,68962325.0,"방산/우주,엔터/게임",엔터/게임
2024-02-15,상승장,107980481.0,-0.131,33901,-0.141,5.149,68962325.0,"방산/우주,엔터/게임",
2024-02-16,상승장,107131560.0,-0.786,34241,1.003,8.874,62692938.0,"방산/우주,엔터/게임",화학/정유
2024-02-19,강한상승장,107701154.0,0.532,34777,1.565,10.064,62692938.0,"방산/우주,엔터/게임","통신,방산/우주,화학/정유"
2024-02-20,상승장,107508500.0,-0.179,34369,-1.173,7.165,66793954.0,"방산/우주,엔터/게임","방산/우주,전력/전선/인프라,지주/밸류업"
2024-02-21,상승장,108665957.0,1.077,34294,-0.218,6.822,74234801.0,"방산/우주,엔터/게임","원전/에너지,방산/우주,엔터/게임"
2024-02-22,상승장,110140709.0,1.357,34469,0.51,6.804,80433361.0,"방산/우주,엔터/게임","PCB,원전/에너지"
2024-02-23,상승장,109811585.0,-0.299,34576,0.31,7.553,80433361.0,"방산/우주,엔터/게임",
2024-02-26,상승장,110396398.0,0.533,34299,-0.801,6.562,84848798.0,엔터/게임,
2024-02-27,상승장,108766798.0,-1.476,34006,-0.854,5.458,84848798.0,엔터/게임,엔터/게임
2024-02-28,상승장,108837250.0,0.065,34422,1.223,5.505,72190250.0,"엔터/게임,철강/비철",철강/비철
2024-02-29,상승장,108325891.0,-0.47,34331,-0.264,5.41,80934891.0,"엔터/게임,철강/비철","소비/유통/호텔,엔터/게임,2차전지"
2024-03-04,상승장,108649377.0,0.299,34825,1.439,7.451,73215377.0,"엔터/게임,철강/비철",철강/비철
2024-03-05,상승장,107855431.0,-0.731,34547,-0.798,4.793,82822031.0,"엔터/게임,철강/비철","전력/전선/인프라,철강/비철"
2024-03-06,횡보장,107553731.0,-0.28,34422,-0.362,1.149,88808231.0,"엔터/게임,철강/비철",로봇
2024-03-07,횡보장,107627520.0,0.069,34446,0.07,2.466,91806120.0,"엔터/게임,철강/비철",
2024-03-08,상승장,107733683.0,0.099,34950,1.463,4.363,78934583.0,"엔터/게임,철강/비철","로봇,엔터/게임"
2024-03-11,횡보장,108294383.0,0.52,34658,-0.835,2.046,78934583.0,"엔터/게임,철강/비철","로봇,엔터/게임"
2024-03-12,횡보장,108776274.0,0.445,34955,0.857,2.806,85705774.0,"엔터/게임,철강/비철",원전/에너지
2024-03-13,횡보장,108571274.0,-0.188,35118,0.466,2.037,85705774.0,"엔터/게임,철강/비철","원전/에너지,로봇,지주/밸류업"
2024-03-14,상승장,108323774.0,-0.228,35434,0.9,4.374,85705774.0,"엔터/게임,철강/비철","조선/기계,로봇,화학/정유"
2024-03-15,횡보장,108071774.0,-0.233,34767,-1.882,2.554,85705774.0,"엔터/게임,철강/비철","조선/기계,로봇"
2024-03-18,횡보장,108123874.0,0.048,34989,0.639,2.185,85705774.0,"엔터/게임,철강/비철",조선/기계
2024-03-19,횡보장,107661574.0,-0.428,34571,-1.195,-0.592,85705774.0,"엔터/게임,철강/비철","철강/비철,방산/우주"
2024-03-20,횡보장,107545974.0,-0.107,35180,1.762,2.36,85705774.0,"엔터/게임,철강/비철",
2024-03-21,상승장,107682574.0,0.127,36133,2.709,5.362,85705774.0,"엔터/게임,철강/비철",
2024-03-22,상승장,107726474.0,0.041,36028,-0.291,4.523,85705774.0,"엔터/게임,철강/비철",인터넷/소프트웨어
2024-03-25,상승장,108376774.0,0.604,35885,-0.397,3.786,85705774.0,"엔터/게임,철강/비철",엔터/게임
2024-03-26,상승장,108309669.0,-0.062,36238,0.984,5.653,72717569.0,"엔터/게임,철강/비철","엔터/게임,PCB,방산/우주"
2024-03-27,상승장,109350045.0,0.961,36258,0.055,6.622,78367045.0,"엔터/게임,철강/비철",엔터/게임
2024-03-28,상승장,108948455.0,-0.367,36238,-0.055,5.276,71834255.0,"엔터/게임,철강/비철",철강/비철
2024-03-29,상승장,109237210.0,0.265,36357,0.328,5.901,74629810.0,"엔터/게임,철강/비철","지주/밸류업,로봇"
2024-04-01,상승장,109088810.0,-0.136,36381,0.066,4.468,74629810.0,"엔터/게임,철강/비철",인터넷/소프트웨어
2024-04-02,상승장,108657790.0,-0.395,36483,0.28,5.604,68215090.0,"엔터/게임,철강/비철",인터넷/소프트웨어
2024-04-03,상승장,108268790.0,-0.358,35933,-1.508,4.39,68215090.0,"엔터/게임,철강/비철","건설,철강/비철,금융"
2024-04-04,상승장,107897442.0,-0.343,36443,1.419,5.797,61788342.0,"엔터/게임,철강/비철","조선/기계,철강/비철"
2024-04-05,상승장,107653642.0,-0.226,36070,-1.024,3.205,61788342.0,"엔터/게임,철강/비철","로봇,화학/정유"
2024-04-08,상승장,107662854.0,0.009,36223,0.424,4.516,73972454.0,"엔터/게임,철강/비철",
2024-04-09,횡보장,107842354.0,0.167,35999,-0.618,2.987,73972454.0,"엔터/게임,철강/비철",
2024-04-11,횡보장,107675854.0,-0.154,35984,-0.042,2.466,73972454.0,"엔터/게임,철강/비철","금융,원전/에너지,인터넷/소프트웨어"
2024-04-12,횡보장,107357254.0,-0.296,35634,-0.973,0.564,73972454.0,"엔터/게임,철강/비철","지주/밸류업,금융,PCB"
2024-04-15,횡보장,107312905.0,-0.041,35477,-0.441,2.042,80760805.0,"엔터/게임,철강/비철",화학/정유
2024-04-16,횡보장,106852705.0,-0.429,34658,-2.309,-0.946,80760805.0,"엔터/게임,철강/비철",철강/비철
2024-04-17,횡보장,106336405.0,-0.483,34279,-1.094,-0.845,80760805.0,"엔터/게임,철강/비철",화장품
2024-04-18,횡보장,107591005.0,1.18,34878,1.747,-0.858,80760805.0,"엔터/게임,철강/비철","조선/기계,철강/비철,인터넷/소프트웨어"
2024-04-19,조정장,107345305.0,-0.228,34222,-1.881,-5.289,80760805.0,"엔터/게임,철강/비철",
2024-04-22,조정장,107660237.0,0.293,34682,1.344,-3.736,78247037.0,"엔터/게임,철강/비철","엔터/게임,금융"
2024-04-23,조정장,107340737.0,-0.297,34643,-0.112,-3.461,78247037.0,"엔터/게임,철강/비철","조선/기계,엔터/게임,금융"
2024-04-24,횡보장,107577437.0,0.221,35280,1.839,-2.644,78247037.0,"엔터/게임,철강/비철",2차전지
2024-04-25,조정장,107413337.0,-0.153,34672,-1.723,-4.374,78247037.0,"엔터/게임,철강/비철",화장품
2024-04-26,조정장,107261537.0,-0.141,35070,1.148,-3.223,78247037.0,"엔터/게임,철강/비철",
2024-04-29,횡보장,108132437.0,0.812,35414,0.981,-2.594,78247037.0,"엔터/게임,철강/비철","철강/비철,화학/정유"
2024-04-30,횡보장,107919437.0,-0.197,35540,0.356,-2.312,78247037.0,"엔터/게임,철강/비철","PCB,인터넷/소프트웨어,금융"
2024-05-02,횡보장,107412114.0,-0.47,35410,-0.366,-2.941,83071914.0,철강/비철,인터넷/소프트웨어
2024-05-03,횡보장,107675814.0,0.246,35380,-0.085,-1.539,83071914.0,철강/비철,
2024-05-07,횡보장,107810814.0,0.125,36199,2.315,-0.67,83071914.0,철강/비철,
2024-05-08,횡보장,107726814.0,-0.078,36326,0.351,0.71,83071914.0,철강/비철,원전/에너지
2024-05-09,횡보장,107397714.0,-0.305,35919,-1.12,-0.839,83071914.0,철강/비철,"운송/해운,PCB,원전/에너지"
2024-05-10,횡보장,107583714.0,0.173,36103,0.512,0.289,83071914.0,철강/비철,"로봇,운송/해운,금융"
2024-05-13,횡보장,107463114.0,-0.112,36036,-0.186,0.145,83071914.0,철강/비철,"엔터/게임,조선/기계,금융"
2024-05-14,횡보장,107677614.0,0.2,36108,0.2,1.33,83071914.0,철강/비철,"2차전지,음식료"
2024-05-16,횡보장,107702214.0,0.023,36451,0.95,2.745,83071914.0,철강/비철,원전/에너지
2024-05-17,상승장,107444145.0,-0.24,36026,-1.166,3.947,76636095.0,"방산/우주,철강/비철",방산/우주
2024-05-20,상승장,107739579.0,0.275,36326,0.833,5.972,70201329.0,"방산/우주,철강/비철","운송/해운,자동차,철강/비철"
2024-05-21,상승장,107405079.0,-0.31,36137,-0.52,3.61,70201329.0,"방산/우주,철강/비철","철강/비철,음식료"
2024-05-22,상승장,107086629.0,-0.296,36137,0.0,5.596,70201329.0,"방산/우주,철강/비철",
2024-05-23,상승장,106694979.0,-0.366,36137,0.0,4.195,70201329.0,"방산/우주,철강/비철","엔터/게임,지주/밸류업,2차전지"
2024-05-24,횡보장,106459779.0,-0.22,35573,-1.561,2.685,70201329.0,"방산/우주,철강/비철",인터넷/소프트웨어
2024-05-27,횡보장,106945779.0,0.457,36068,1.392,2.234,70201329.0,"방산/우주,철강/비철",
2024-05-28,상승장,106546444.0,-0.373,36108,0.111,4.142,64195684.0,"방산/우주,철강/비철","방산/우주,엔터/게임"
2024-05-29,횡보장,105841536.0,-0.662,35578,-1.468,1.449,70311784.0,"방산/우주,철강/비철","방산/우주,인터넷/소프트웨어,금융"
2024-05-30,횡보장,104780420.0,-1.003,34935,-1.807,-1.353,70311784.0,"방산/우주,철강/비철",금융
2024-05-31,횡보장,104934928.0,0.147,34921,-0.04,-1.742,70311784.0,"방산/우주,철강/비철","금융,통신,인터넷/소프트웨어"
2024-06-03,횡보장,105838744.0,0.861,35549,1.798,0.393,70311784.0,"방산/우주,철강/비철","운송/해운,화학/정유,음식료"
2024-06-04,횡보장,105247200.0,-0.559,35288,-0.734,-0.26,70311784.0,"방산/우주,철강/비철",음식료
2024-06-05,횡보장,105305078.0,0.055,35642,1.003,-1.539,82292078.0,철강/비철,
2024-06-07,횡보장,105672578.0,0.349,36113,1.321,-0.586,82292078.0,철강/비철,"PCB,지주/밸류업"
2024-06-10,횡보장,105113078.0,-0.529,35797,-0.875,-0.34,82292078.0,철강/비철,"지주/밸류업,음식료"
2024-06-11,횡보장,105368078.0,0.243,35831,0.095,-0.753,82292078.0,철강/비철,"로봇,화장품,음식료"
2024-06-12,횡보장,105141513.0,-0.215,36146,0.879,0.305,88176513.0,철강/비철,"원전/에너지,인터넷/소프트웨어,화장품"
2024-06-13,횡보장,105051513.0,-0.086,36393,0.683,0.789,88176513.0,철강/비철,"PCB,금융,방산/우주"
2024-06-14,횡보장,105276513.0,0.214,36515,0.335,0.176,88176513.0,철강/비철,"운송/해운,화장품,전력/전선/인프라"
2024-06-17,횡보장,104871513.0,-0.385,36316,-0.545,0.805,88176513.0,철강/비철,음식료
2024-06-18,횡보장,104736513.0,-0.129,36699,1.055,1.027,88176513.0,철강/비철,운송/해운
2024-06-19,상승장,104782819.0,0.044,37246,1.491,3.069,65627419.0,"조선/기계,철강/비철","조선/기계,음식료"
2024-06-20,상승장,104831369.0,0.046,37393,0.395,3.476,65627419.0,"조선/기계,철강/비철",운송/해운
2024-06-21,횡보장,104671669.0,-0.152,37073,-0.856,2.59,65627419.0,"조선/기계,철강/비철","조선/기계,금융,화장품"
2024-06-24,상승장,104920919.0,0.238,36791,-0.761,3.424,65627419.0,"조선/기계,철강/비철",
2024-06-25,횡보장,104679219.0,-0.23,36899,0.294,2.304,65627419.0,"조선/기계,철강/비철",운송/해운
2024-06-26,상승장,104248350.0,-0.412,37202,0.821,3.03,59409150.0,"조선/기계,철강/비철","철강/비철,PCB"
2024-06-27,상승장,104394967.0,0.141,37160,-0.113,4.447,65018967.0,"조선/기계,철강/비철","운송/해운,2차전지,원전/에너지"
2024-06-28,상승장,104661967.0,0.256,37379,0.589,6.996,65018967.0,"조선/기계,철강/비철","화학/정유,2차전지,엔터/게임"
2024-07-01,상승장,105065542.0,0.386,37451,0.193,7.245,71840242.0,"조선/기계,철강/비철","인터넷/소프트웨어,음식료,화장품"
2024-07-02,상승장,104809142.0,-0.244,37183,-0.716,4.596,71840242.0,"조선/기계,철강/비철",화장품
2024-07-03,상승장,105015142.0,0.197,37339,0.42,5.812,71840242.0,"조선/기계,철강/비철",화장품
2024-07-04,상승장,105580642.0,0.538,37839,1.339,6.164,71840242.0,"조선/기계,철강/비철",
2024-07-05,상승장,105498642.0,-0.078,38537,1.845,6.712,71840242.0,"조선/기계,철강/비철","지주/밸류업,인터넷/소프트웨어"
2024-07-08,상승장,105682742.0,0.175,38410,-0.33,7.299,71840242.0,"조선/기계,철강/비철",인터넷/소프트웨어
2024-07-09,상승장,105446642.0,-0.223,38547,0.357,7.58,71840242.0,"조선/기계,철강/비철",전력/전선/인프라
2024-07-10,상승장,105347015.0,-0.094,38532,-0.039,6.601,69061415.0,"조선/기계,철강/비철","인터넷/소프트웨어,조선/기계,PCB"
2024-07-11,상승장,106863015.0,1.439,38771,0.62,6.534,69061415.0,"조선/기계,철강/비철","철강/비철,로봇,음식료"
2024-07-12,상승장,106897115.0,0.032,38237,-1.377,4.716,69061415.0,"조선/기계,철강/비철","지주/밸류업,철강/비철"
2024-07-15,상승장,106632215.0,-0.248,38479,0.633,5.956,69061415.0,"조선/기계,철강/비철",음식료
2024-07-16,상승장,106611152.0,-0.02,38503,0.062,4.916,60492452.0,"지주/밸류업,철강/비철","지주/밸류업,화학/정유"
2024-07-17,횡보장,105928383.0,-0.64,38182,-0.834,2.513,73145783.0,"지주/밸류업,철강/비철","화학/정유,건설,화장품"
2024-07-18,횡보장,105511910.0,-0.393,37903,-0.731,1.364,93174610.0,"지주/밸류업,철강/비철","화학/정유,화장품,건설"
2024-07-19,횡보장,105462110.0,-0.047,37456,-1.179,1.033,93174610.0,"지주/밸류업,철강/비철",
2024-07-22,횡보장,105468010.0,0.006,37083,-0.996,0.794,93174610.0,"지주/밸류업,철강/비철","금융,화장품"
2024-07-23,횡보장,105294410.0,-0.165,37188,0.283,0.783,93174610.0,"지주/밸류업,철강/비철",인터넷/소프트웨어
2024-07-24,횡보장,105124510.0,-0.161,36971,-0.584,-0.621,93174610.0,"지주/밸류업,철강/비철","금융,철강/비철"
2024-07-25,횡보장,105074291.0,-0.048,36296,-1.826,-2.325,99212291.0,철강/비철,"조선/기계,인터넷/소프트웨어"
2024-07-26,횡보장,105152291.0,0.074,36491,0.537,-2.376,99212291.0,철강/비철,건설
2024-07-29,횡보장,105152291.0,0.0,36927,1.195,-1.399,99212291.0,철강/비철,지주/밸류업
2024-07-30,횡보장,105032291.0,-0.114,36582,-0.934,-1.616,99212291.0,철강/비철,
2024-07-31,횡보장,105020291.0,-0.011,37117,1.462,-0.595,99212291.0,철강/비철,"원전/에너지,2차전지,화장품"
2024-08-01,횡보장,105080291.0,0.057,37147,0.081,-1.829,99212291.0,철강/비철,"PCB,2차전지"
2024-08-02,급락일,104996291.0,-0.08,35651,-4.027,-7.489,99212291.0,철강/비철,PCB
2024-08-05,급락일,104666291.0,-0.314,32379,-9.178,-15.702,99212291.0,철강/비철,"인터넷/소프트웨어,자동차,철강/비철"
2024-08-06,하락장,104822291.0,0.149,33277,2.773,-13.672,99212291.0,철강/비철,
2024-08-07,하락장,105308291.0,0.464,34037,2.284,-11.666,99212291.0,철강/비철,"화장품,엔터/게임"
2024-08-08,하락장,105392291.0,0.08,33784,-0.743,-12.863,99212291.0,철강/비철,
2024-08-09,하락장,105380291.0,-0.011,34245,1.365,-10.44,99212291.0,철강/비철,"인터넷/소프트웨어,화학/정유"
2024-08-12,조정장,105428291.0,0.046,34639,1.151,-9.979,99212291.0,철강/비철,
2024-08-13,조정장,105194265.0,-0.222,34756,0.338,-9.732,93971265.0,"음식료,철강/비철",음식료
2024-08-14,조정장,105020265.0,-0.165,35083,0.941,-8.116,93971265.0,"음식료,철강/비철","음식료,엔터/게임"
2024-08-16,조정장,105114195.0,0.089,35915,2.372,-5.245,91762195.0,"음식료,철강/비철","PCB,조선/기계"
2024-08-19,조정장,104847195.0,-0.254,35598,-0.883,-4.96,91762195.0,"음식료,철강/비철",금융
2024-08-20,조정장,104896095.0,0.047,35954,1.0,-3.045,93297895.0,"금융,철강/비철",금융
2024-08-21,조정장,104702506.0,-0.185,35905,-0.136,-3.45,88291406.0,"금융,철강/비철",철강/비철
2024-08-22,횡보장,104933406.0,0.221,35959,0.15,-2.737,88291406.0,"금융,철강/비철","철강/비철,화학/정유"
2024-08-23,횡보장,104833806.0,-0.095,35935,-0.067,-0.995,88291406.0,"금융,철강/비철","지주/밸류업,PCB"
2024-08-26,횡보장,105103406.0,0.257,35745,-0.529,-2.044,88291406.0,"금융,철강/비철",금융
2024-08-27,조정장,105098764.0,-0.004,35564,-0.506,-3.691,94816364.0,"금융,철강/비철","화학/정유,전력/전선/인프라,자동차"
2024-08-28,횡보장,104840264.0,-0.246,35627,0.177,-2.611,94816364.0,"금융,철강/비철","원전/에너지,화장품,PCB"
2024-08-29,조정장,104994064.0,0.147,35156,-1.322,-5.283,94816364.0,"금융,철강/비철","전력/전선/인프라,PCB"
2024-08-30,조정장,104898564.0,-0.091,35339,0.521,-4.867,94816364.0,"금융,철강/비철","조선/기계,지주/밸류업,금융"
2024-09-02,횡보장,105302964.0,0.386,35300,-0.11,-0.985,94816364.0,"금융,철강/비철","철강/비철,화장품"
2024-09-03,상승장,105247364.0,-0.053,35005,-0.836,8.11,94816364.0,"금융,철강/비철","방산/우주,화장품,지주/밸류업"
2024-09-04,횡보장,104877664.0,-0.351,33788,-3.477,1.536,94816364.0,"금융,철강/비철",인터넷/소프트웨어
2024-09-05,횡보장,104860664.0,-0.016,33735,-0.157,-0.887,94816364.0,"금융,철강/비철","통신,조선/기계"
2024-09-06,횡보장,104597764.0,-0.251,33433,-0.895,-1.039,94816364.0,"금융,철강/비철",통신
2024-09-09,조정장,104528968.0,-0.066,33208,-0.673,-3.028,92246768.0,"금융,철강/비철","금융,화장품,음식료"
2024-09-10,조정장,104589868.0,0.058,33067,-0.425,-4.538,92246768.0,"금융,철강/비철",
2024-09-11,조정장,104306284.0,-0.271,32755,-0.944,-5.757,90685184.0,"금융,철강/비철",방산/우주
2024-09-12,조정장,104575584.0,0.258,33505,2.29,-4.498,90685184.0,"금융,철강/비철",철강/비철
2024-09-13,조정장,105152558.0,0.552,33577,0.215,-6.51,93646358.0,"금융,철강/비철","원전/에너지,조선/기계"
2024-09-19,조정장,105267358.0,0.109,33519,-0.173,-5.84,93646358.0,"금융,철강/비철",철강/비철
2024-09-20,조정장,105383758.0,0.111,33601,0.245,-6.544,93646358.0,"금융,철강/비철","방산/우주,자동차,인터넷/소프트웨어"
2024-09-23,조정장,105567858.0,0.175,33705,0.31,-6.127,93646358.0,"금융,철강/비철",인터넷/소프트웨어
2024-09-24,조정장,105282858.0,-0.27,34108,1.196,-5.148,93646358.0,"금융,철강/비철",화학/정유
2024-09-25,조정장,104784258.0,-0.474,33606,-1.472,-6.481,93646358.0,"금융,철강/비철","화장품,지주/밸류업"
2024-09-26,횡보장,105178158.0,0.376,34736,3.362,-2.823,93646358.0,"금융,철강/비철",
2024-09-27,횡보장,105486058.0,0.293,34596,-0.403,-2.722,93646358.0,"금융,철강/비철","조선/기계,화장품"
2024-09-30,조정장,105159458.0,-0.31,33803,-2.292,-5.12,93646358.0,"금융,철강/비철",
2024-10-02,조정장,105136558.0,-0.022,33447,-1.053,-4.861,93646358.0,"금융,철강/비철","방산/우주,음식료"
2024-10-04,조정장,105232758.0,0.092,33433,-0.042,-5.393,93646358.0,"금융,철강/비철",
2024-10-07,조정장,105815058.0,0.553,33963,1.585,-3.788,93646358.0,"금융,철강/비철","전력/전선/인프라,조선/기계"
2024-10-08,조정장,106022958.0,0.196,33705,-0.76,-3.714,93646358.0,"금융,철강/비철",
2024-10-10,횡보장,106045958.0,0.022,33769,0.19,-0.056,93646358.0,"금융,철강/비철",인터넷/소프트웨어
2024-10-11,횡보장,106167058.0,0.114,33811,0.124,0.225,93646358.0,"금융,철강/비철",
2024-10-14,횡보장,106714514.0,0.516,34212,1.186,2.33,98914214.0,"금융,철강/비철",PCB
2024-10-15,상승장,106544114.0,-0.16,34332,0.351,3.385,98914214.0,"금융,철강/비철","PCB,원전/에너지,조선/기계"
2024-10-16,횡보장,106498314.0,-0.043,34022,-0.903,2.888,98914214.0,"금융,철강/비철","원전/에너지,통신,지주/밸류업"
2024-10-17,상승장,106371514.0,-0.119,34099,0.226,4.103,98914214.0,"금융,철강/비철",지주/밸류업
2024-10-18,횡보장,106424751.0,0.05,33900,-0.584,1.179,101327151.0,금융,
2024-10-21,횡보장,106376151.0,-0.046,33997,0.286,1.251,101327151.0,금융,로봇
2024-10-22,횡보장,106408551.0,0.03,33501,-1.459,-0.054,101327151.0,금융,"인터넷/소프트웨어,전력/전선/인프라"
2024-10-23,횡보장,106419351.0,0.01,33933,1.29,0.988,101327151.0,금융,"전력/전선/인프라,PCB,2차전지"
2024-10-24,횡보장,106359951.0,-0.056,33651,-0.831,-0.16,101327151.0,금융,2차전지
2024-10-25,횡보장,106781151.0,0.396,33676,0.074,-1.267,101327151.0,금융,"지주/밸류업,조선/기계"
2024-10-28,횡보장,106521951.0,-0.243,33983,0.912,1.122,101327151.0,금융,"원전/에너지,조선/기계"
2024-10-29,횡보장,106484151.0,-0.035,34071,0.259,-1.914,101327151.0,금융,"원전/에너지,방산/우주"
2024-10-30,횡보장,106397751.0,-0.081,33744,-0.96,-2.463,101327151.0,금융,"인터넷/소프트웨어,PCB"
2024-10-31,횡보장,106203351.0,-0.183,33298,-1.322,-1.494,101327151.0,금융,"PCB,지주/밸류업,원전/에너지"
2024-11-01,횡보장,106284351.0,0.076,33064,-0.703,-1.145,101327151.0,금융,"화장품,화학/정유"
2024-11-04,횡보장,106224951.0,-0.056,33615,1.666,0.544,101327151.0,금융,"엔터/게임,음식료,인터넷/소프트웨어"
2024-11-05,횡보장,106241151.0,0.015,33426,-0.562,-1.581,101327151.0,금융,"엔터/게임,PCB,음식료"
2024-11-06,횡보장,106403151.0,0.152,33347,-0.236,-1.062,101327151.0,금융,"전력/전선/인프라,조선/기계"
2024-11-07,횡보장,106408551.0,0.005,33332,-0.045,-1.294,101327151.0,금융,원전/에너지
2024-11-08,횡보장,106359951.0,-0.046,33293,-0.117,-1.532,101327151.0,금융,"통신,인터넷/소프트웨어"
2024-11-11,조정장,106331658.0,-0.027,32756,-1.613,-4.256,96001733.0,"PCB,금융","PCB,통신"
2024-11-12,조정장,106353289.0,0.02,32072,-2.088,-6.583,96001733.0,"PCB,금융",인터넷/소프트웨어
2024-11-13,조정장,106215426.0,-0.13,31252,-2.557,-8.142,96099426.0,"금융,철강/비철",철강/비철
2024-11-14,조정장,106513496.0,0.281,31119,-0.426,-8.739,93471796.0,"금융,철강/비철","원전/에너지,철강/비철,인터넷/소프트웨어"
2024-11-15,조정장,105903596.0,-0.573,31345,0.726,-7.537,93471796.0,"금융,철강/비철",엔터/게임
2024-11-18,조정장,106208436.0,0.288,32072,2.319,-5.662,93405936.0,"금융,자동차","자동차,지주/밸류업"
2024-11-19,조정장,106180736.0,-0.026,32185,0.352,-3.928,93405936.0,"금융,자동차","엔터/게임,원전/에너지,화학/정유"
2024-11-20,조정장,106584736.0,0.38,32250,0.202,-4.96,93405936.0,"금융,자동차","방산/우주,금융,통신"
2024-11-21,조정장,106653836.0,0.065,32288,0.118,-4.05,93405936.0,"금융,자동차",통신
2024-11-22,조정장,106781136.0,0.119,32575,0.889,-3.269,93405936.0,"금융,자동차",전력/전선/인프라
2024-11-25,조정장,106795936.0,0.014,32957,1.173,-3.019,93405936.0,"금융,자동차","철강/비철,건설,인터넷/소프트웨어"
2024-11-26,조정장,106737936.0,-0.054,32854,-0.313,-3.572,93405936.0,"금융,자동차","운송/해운,통신"
2024-11-27,조정장,106902036.0,0.154,32600,-0.773,-3.39,93405936.0,"금융,자동차","통신,엔터/게임"
2024-11-28,횡보장,106795936.0,-0.099,32502,-0.301,-2.391,93405936.0,"금융,자동차",엔터/게임
2024-11-29,조정장,106634536.0,-0.151,31886,-1.895,-3.563,93405936.0,"금융,자동차","운송/해운,2차전지,원전/에너지"
2024-12-02,조정장,106591136.0,-0.041,31945,0.185,-4.968,93405936.0,"금융,자동차","철강/비철,엔터/게임"
2024-12-03,조정장,106953536.0,0.34,32414,1.468,-3.028,93405936.0,"금융,자동차","철강/비철,금융,전력/전선/인프라"
2024-12-04,조정장,106340136.0,-0.574,31975,-1.354,-4.114,93405936.0,"금융,자동차","PCB,음식료,통신"
2024-12-05,조정장,105441719.0,-0.845,31750,-0.704,-4.746,90958319.0,"금융,자동차",
2024-12-06,조정장,105364219.0,-0.074,31588,-0.51,-5.121,90958319.0,"금융,자동차",
2024-12-09,조정장,105066719.0,-0.282,30803,-2.485,-5.962,90958319.0,"금융,자동차","2차전지,엔터/게임"
2024-12-10,횡보장,105392913.0,0.31,31427,2.026,-2.011,97814913.0,자동차,"로봇,음식료,화장품"
2024-12-11,횡보장,105338913.0,-0.051,31755,1.044,1.609,97814913.0,자동차,"조선/기계,화장품"
2024-12-12,상승장,105443472.0,0.099,32210,1.433,3.506,79319972.0,"자동차,전력/전선/인프라","전력/전선/인프라,2차전지,지주/밸류업"
2024-12-13,상승장,105355972.0,-0.083,32354,0.447,3.219,79319972.0,"자동차,전력/전선/인프라",PCB
2024-12-16,횡보장,105776972.0,0.4,32240,-0.352,0.524,79319972.0,"자동차,전력/전선/인프라","PCB,전력/전선/인프라,음식료"
2024-12-17,횡보장,105965472.0,0.178,31866,-1.16,-0.991,79319972.0,"자동차,전력/전선/인프라","전력/전선/인프라,PCB,방산/우주"
2024-12-18,횡보장,105538972.0,-0.402,32316,1.412,0.205,79319972.0,"자동차,전력/전선/인프라",조선/기계
2024-12-19,횡보장,105174972.0,-0.345,31583,-2.268,-2.183,79319972.0,"자동차,전력/전선/인프라","음식료,조선/기계"
2024-12-20,조정장,104708972.0,-0.443,31129,-1.437,-4.439,79319972.0,"자동차,전력/전선/인프라","철강/비철,원전/에너지,2차전지"
2024-12-23,조정장,105658472.0,0.907,31652,1.68,-3.96,79319972.0,"자동차,전력/전선/인프라",
2024-12-24,조정장,105469472.0,-0.179,31677,0.079,-3.583,79319972.0,"자동차,전력/전선/인프라","PCB,로봇"
2024-12-26,조정장,105514382.0,0.043,31490,-0.59,-3.405,84781382.0,"자동차,전력/전선/인프라","PCB,지주/밸류업"
2024-12-27,조정장,105440882.0,-0.07,31403,-0.276,-3.381,84781382.0,"자동차,전력/전선/인프라",
2024-12-30,횡보장,105019382.0,-0.4,31321,-0.261,-1.772,84781382.0,"자동차,전력/전선/인프라","로봇,운송/해운"
2025-01-02,횡보장,105826382.0,0.768,31252,-0.22,-2.169,84781382.0,"자동차,전력/전선/인프라","운송/해운,전력/전선/인프라,지주/밸류업"
2025-01-03,횡보장,105649382.0,-0.167,31876,1.997,-1.66,84781382.0,"자동차,전력/전선/인프라",
2025-01-06,횡보장,105463382.0,-0.176,32562,2.152,1.836,84781382.0,"자동차,전력/전선/인프라",화장품
2025-01-07,횡보장,105527882.0,0.061,32571,0.028,2.586,84781382.0,"자동차,전력/전선/인프라","엔터/게임,PCB"
2025-01-08,상승장,105667382.0,0.132,32884,0.961,4.103,84781382.0,"자동차,전력/전선/인프라","2차전지,철강/비철"
2025-01-09,상승장,105902896.0,0.223,32908,0.073,6.834,85300396.0,"자동차,전력/전선/인프라","화학/정유,전력/전선/인프라,방산/우주"
2025-01-10,상승장,106056896.0,0.145,32859,-0.149,4.557,85300396.0,"자동차,전력/전선/인프라","금융,엔터/게임"
2025-01-13,횡보장,105730396.0,-0.308,32423,-1.327,2.104,85300396.0,"자동차,전력/전선/인프라",금융
2025-01-14,횡보장,106208896.0,0.453,32566,0.441,1.105,85300396.0,"자동차,전력/전선/인프라",엔터/게임
2025-01-15,횡보장,106238396.0,0.028,32517,-0.15,0.504,85300396.0,"자동차,전력/전선/인프라","인터넷/소프트웨어,금융,운송/해운"
2025-01-16,횡보장,107180031.0,0.886,32981,1.427,2.298,92616031.0,"자동차,전력/전선/인프라","PCB,전력/전선/인프라,화장품"
2025-01-17,상승장,106918031.0,-0.244,32912,-0.209,3.282,92616031.0,"자동차,전력/전선/인프라","원전/에너지,건설,PCB"
2025-01-20,횡보장,106282031.0,-0.595,32859,-0.161,1.68,92616031.0,"자동차,전력/전선/인프라","철강/비철,바이오,운송/해운"
2025-01-21,상승장,106210031.0,-0.068,32889,0.091,4.135,92616031.0,"자동차,전력/전선/인프라","PCB,2차전지,방산/우주"
2025-01-22,상승장,106546031.0,0.316,33265,1.143,6.862,92616031.0,"자동차,전력/전선/인프라","바이오,운송/해운"
2025-01-23,상승장,106676031.0,0.122,32908,-1.073,3.968,92616031.0,"자동차,전력/전선/인프라","건설,자동차,금융"
2025-01-24,상승장,106523384.0,-0.143,33104,0.596,4.505,92808984.0,"방산/우주,자동차","방산/우주,운송/해운,인터넷/소프트웨어"
2025-01-31,상승장,106559384.0,0.034,32781,-0.976,4.1,92808984.0,"방산/우주,자동차",금융
2025-02-03,횡보장,106169284.0,-0.366,31883,-2.739,1.529,92808984.0,"방산/우주,자동차","로봇,2차전지,자동차"
2025-02-04,상승장,106388994.0,0.207,32281,1.248,3.065,80131894.0,"방산/우주,자동차","철강/비철,2차전지,방산/우주"
2025-02-05,상승장,106730594.0,0.321,32663,1.183,4.515,80131894.0,"방산/우주,자동차",
2025-02-06,상승장,108311682.0,1.481,32992,1.007,3.501,88031682.0,"방산/우주,자동차","음식료,금융"
2025-02-07,횡보장,108050682.0,-0.241,32776,-0.655,0.657,88031682.0,"방산/우주,자동차",화장품
2025-02-10,횡보장,108113082.0,0.058,32844,0.207,0.838,88031682.0,"방산/우주,자동차","자동차,엔터/게임,2차전지"
2025-02-11,횡보장,108827082.0,0.66,33104,0.792,0.669,88031682.0,"방산/우주,자동차",엔터/게임
2025-02-12,횡보장,109819209.0,0.912,33148,0.133,0.729,95437609.0,"방산/우주,자동차",전력/전선/인프라
2025-02-13,횡보장,110143609.0,0.295,33516,1.11,1.999,95437609.0,"방산/우주,자동차","2차전지,철강/비철,금융"
2025-02-14,상승장,109958088.0,-0.168,33682,0.495,3.883,99134088.0,"방산/우주,자동차",바이오
2025-02-17,상승장,109692888.0,-0.241,33927,0.727,4.179,99134088.0,"방산/우주,자동차",지주/밸류업
2025-02-18,상승장,110027615.0,0.305,34178,0.74,5.108,102809615.0,자동차,지주/밸류업
2025-02-19,상승장,110071015.0,0.039,34873,2.033,5.737,83500446.0,"2차전지,자동차","2차전지,철강/비철,PCB"
2025-02-20,상승장,110430906.0,0.327,34569,-0.872,5.035,83500446.0,"2차전지,자동차","엔터/게임,화장품,철강/비철"
2025-02-21,상승장,110736680.0,0.277,34609,0.116,5.326,83500446.0,"2차전지,자동차","철강/비철,지주/밸류업"
2025-02-24,상승장,111342471.0,0.547,34392,-0.627,4.57,90397971.0,"2차전지,자동차",2차전지
2025-02-25,횡보장,110760471.0,-0.523,34213,-0.52,2.85,90397971.0,"2차전지,자동차",건설
2025-02-26,상승장,110867971.0,0.097,34383,0.497,4.482,90397971.0,"2차전지,자동차","PCB,지주/밸류업"
2025-02-27,상승장,110583471.0,-0.257,34246,-0.398,3.45,90397971.0,"2차전지,자동차","화장품,자동차"
2025-02-28,횡보장,109665971.0,-0.83,33109,-3.32,1.001,90397971.0,"2차전지,자동차","건설,로봇,화학/정유"
2025-03-04,상승장,108945921.0,-0.657,33027,-0.248,3.588,99876521.0,"2차전지,자동차",
2025-03-05,상승장,109083634.0,0.126,33277,0.757,3.085,102907034.0,"2차전지,자동차","로봇,원전/에너지,운송/해운"
2025-03-06,횡보장,109120789.0,0.034,33603,0.98,2.878,104227989.0,"2차전지,자동차","로봇,음식료"
2025-03-07,횡보장,109122789.0,0.002,33447,-0.464,1.379,104227989.0,"2차전지,자동차","2차전지,음식료"
2025-03-10,횡보장,109179189.0,0.052,33525,0.233,2.285,104227989.0,"2차전지,자동차","엔터/게임,화학/정유"
2025-03-11,횡보장,109110536.0,-0.063,33148,-1.125,0.926,105986136.0,"2차전지,자동차",지주/밸류업
2025-03-12,횡보장,109163936.0,0.049,33673,1.584,1.719,105986136.0,"2차전지,자동차","원전/에너지,지주/밸류업,전력/전선/인프라"
2025-03-13,횡보장,109157136.0,-0.006,33511,-0.481,1.095,105986136.0,"2차전지,자동차","금융,자동차,2차전지"
2025-03-14,횡보장,109080127.0,-0.071,33697,0.555,0.54,106640627.0,"2차전지,자동차",원전/에너지
2025-03-17,횡보장,109082376.0,0.002,34353,1.947,1.992,106966376.0,"2차전지,자동차",원전/에너지
2025-03-18,횡보장,109096126.0,0.013,34437,0.245,1.503,107291626.0,자동차,"엔터/게임,자동차,인터넷/소프트웨어"
2025-03-19,횡보장,109127626.0,0.029,34731,0.854,1.618,107291626.0,자동차,"원전/에너지,음식료,로봇"
2025-03-20,횡보장,109114126.0,-0.012,34967,0.68,0.27,107291626.0,자동차,철강/비철
2025-03-21,횡보장,109136626.0,0.021,35133,0.475,1.632,107291626.0,자동차,"금융,원전/에너지"
2025-03-24,횡보장,109208626.0,0.066,35012,-0.344,1.164,107291626.0,자동차,운송/해운
2025-03-25,횡보장,109271626.0,0.058,34849,-0.466,1.329,107291626.0,자동차,
2025-03-26,횡보장,109289626.0,0.016,35143,0.844,2.718,107291626.0,자동차,"인터넷/소프트웨어,PCB"
2025-03-27,횡보장,109204126.0,-0.078,34712,-1.226,0.957,107291626.0,자동차,"전력/전선/인프라,화장품"
2025-03-28,횡보장,109108828.0,-0.087,34153,-1.61,-0.272,108288828.0,자동차,"지주/밸류업,화장품"
2025-03-31,횡보장,109077628.0,-0.029,33193,-2.811,0.254,108288828.0,자동차,"금융,지주/밸류업"
2025-04-01,횡보장,109082199.0,0.004,33668,1.431,1.941,109082199.0,,"운송/해운,음식료,엔터/게임"
2025-04-02,횡보장,109082199.0,0.0,33501,-0.496,0.673,109082199.0,,"화장품,화학/정유,철강/비철"
2025-04-03,횡보장,109082199.0,0.0,33085,-1.242,-1.542,109082199.0,,금융
2025-04-04,횡보장,109082199.0,0.0,32791,-0.889,-1.961,109082199.0,,"엔터/게임,원전/에너지,인터넷/소프트웨어"
2025-04-07,급락일,109082199.0,0.0,30923,-5.697,-7.761,109082199.0,,금융
2025-04-08,조정장,109069713.0,-0.011,30909,-0.045,-6.755,103641213.0,금융,금융
2025-04-09,조정장,108908231.0,-0.148,30394,-1.666,-9.738,98288931.0,"금융,엔터/게임",엔터/게임
2025-04-10,조정장,109641231.0,0.673,32267,6.162,-3.712,98288931.0,"금융,엔터/게임","전력/전선/인프라,자동차,지주/밸류업"
2025-04-11,조정장,109503331.0,-0.126,32169,-0.304,-4.535,98288931.0,"금융,엔터/게임",음식료
2025-04-14,조정장,109500631.0,-0.002,32373,0.634,-5.764,98288931.0,"금융,엔터/게임",
2025-04-15,조정장,109659390.0,0.145,32692,0.985,-5.067,101343390.0,"금융,엔터/게임",운송/해운
2025-04-16,조정장,109831390.0,0.157,32183,-1.557,-7.336,101343390.0,"금융,엔터/게임","통신,음식료,화장품"
2025-04-17,조정장,109842790.0,0.01,32501,0.988,-7.052,101343390.0,"금융,엔터/게임","원전/에너지,전력/전선/인프라,화장품"
2025-04-18,조정장,110006590.0,0.149,32722,0.68,-6.862,101343390.0,"금융,엔터/게임",운송/해운
2025-04-21,조정장,110009790.0,0.003,32766,0.134,-6.415,101343390.0,"금융,엔터/게임",PCB
2025-04-22,조정장,109998191.0,-0.011,32658,-0.33,-6.287,99042591.0,"엔터/게임,인터넷/소프트웨어","인터넷/소프트웨어,금융,철강/비철"
2025-04-23,조정장,109975791.0,-0.02,33247,1.804,-5.395,99042591.0,"엔터/게임,인터넷/소프트웨어","2차전지,철강/비철,지주/밸류업"
2025-04-24,조정장,109876591.0,-0.09,33188,-0.177,-4.39,99042591.0,"엔터/게임,인터넷/소프트웨어","화장품,자동차"
2025-04-25,횡보장,110040591.0,0.149,33496,0.928,-1.924,99042591.0,"엔터/게임,인터넷/소프트웨어",지주/밸류업
2025-04-28,횡보장,110491691.0,0.41,33521,0.075,0.988,102035691.0,"엔터/게임,인터넷/소프트웨어","통신,엔터/게임,철강/비철"
2025-04-29,횡보장,110573691.0,0.074,33750,0.683,0.244,102035691.0,"엔터/게임,인터넷/소프트웨어","엔터/게임,통신"
2025-04-30,횡보장,110864280.0,0.263,33680,-0.207,0.534,105250280.0,인터넷/소프트웨어,"엔터/게임,금융,원전/에너지"
2025-05-02,횡보장,110777480.0,-0.078,33710,0.089,1.889,105250280.0,인터넷/소프트웨어,"PCB,지주/밸류업,전력/전선/인프라"
2025-05-07,상승장,110815298.0,0.034,33998,0.854,3.681,78631848.0,"운송/해운,인터넷/소프트웨어","운송/해운,바이오,인터넷/소프트웨어"
2025-05-08,상승장,110274598.0,-0.488,34013,0.044,9.993,78631848.0,"운송/해운,인터넷/소프트웨어",2차전지
2025-05-09,강한상승장,110074598.0,-0.181,34008,-0.015,10.026,78631848.0,"운송/해운,인터넷/소프트웨어",음식료
2025-05-12,강한상승장,110583535.0,0.462,34489,1.414,13.473,65334535.0,"운송/해운,인터넷/소프트웨어",운송/해운
2025-05-13,상승장,111328324.0,0.674,34568,0.229,7.131,72474874.0,"운송/해운,인터넷/소프트웨어","로봇,운송/해운,자동차"
2025-05-14,상승장,111959374.0,0.567,35031,1.339,8.897,72474874.0,"운송/해운,인터넷/소프트웨어","로봇,음식료,철강/비철"
2025-05-15,상승장,112697724.0,0.659,34772,-0.739,7.41,80022474.0,"운송/해운,인터넷/소프트웨어","전력/전선/인프라,엔터/게임,운송/해운"
2025-05-16,상승장,112710924.0,0.012,34901,0.371,6.757,80022474.0,"운송/해운,인터넷/소프트웨어",
2025-05-19,상승장,112363207.0,-0.309,34509,-1.123,7.227,80012707.0,"운송/해운,인터넷/소프트웨어",
2025-05-20,상승장,112167107.0,-0.175,34578,0.2,6.391,80012707.0,"운송/해운,인터넷/소프트웨어","전력/전선/인프라,금융,엔터/게임"
2025-05-21,상승장,112239007.0,0.064,34797,0.633,6.341,80012707.0,"운송/해운,인터넷/소프트웨어","인터넷/소프트웨어,금융,자동차"
2025-05-22,상승장,112423157.0,0.164,34349,-1.287,4.831,80012707.0,"운송/해운,인터넷/소프트웨어",통신
2025-05-23,상승장,112532407.0,0.097,34379,0.087,5.27,80012707.0,"운송/해운,인터넷/소프트웨어","화장품,자동차,엔터/게임"
2025-05-26,상승장,113168307.0,0.565,34926,1.591,5.05,80012707.0,"운송/해운,인터넷/소프트웨어","인터넷/소프트웨어,금융,조선/기계"
2025-05-27,상승장,113062169.0,-0.094,35036,0.315,5.568,87121619.0,"운송/해운,인터넷/소프트웨어","화장품,엔터/게임"
2025-05-28,상승장,113332819.0,0.239,35512,1.359,6.019,87121619.0,"운송/해운,인터넷/소프트웨어","2차전지,철강/비철"
2025-05-29,상승장,113623496.0,0.256,36216,1.982,8.04,73471496.0,"운송/해운,인터넷/소프트웨어","인터넷/소프트웨어,전력/전선/인프라,조선/기계"
2025-05-30,상승장,112809896.0,-0.716,35869,-0.958,6.279,73471496.0,"운송/해운,인터넷/소프트웨어",
2025-06-02,상승장,113159346.0,0.31,35854,-0.042,6.455,73471496.0,"운송/해운,인터넷/소프트웨어",
2025-06-04,상승장,112757296.0,-0.355,36861,2.809,9.347,73471496.0,"운송/해운,인터넷/소프트웨어",인터넷/소프트웨어
2025-06-05,강한상승장,113717496.0,0.852,37507,1.753,10.321,73471496.0,"운송/해운,인터넷/소프트웨어",
2025-06-09,강한상승장,116719872.0,2.64,38156,1.73,12.181,81767172.0,"운송/해운,인터넷/소프트웨어",엔터/게임
2025-06-10,강한상승장,116638322.0,-0.07,38380,0.587,12.856,81767172.0,"운송/해운,인터넷/소프트웨어","전력/전선/인프라,철강/비철"
2025-06-11,강한상승장,116872522.0,0.201,38831,1.175,12.59,81767172.0,"운송/해운,인터넷/소프트웨어","2차전지,엔터/게임"
2025-06-12,강한상승장,116631338.0,-0.206,38901,0.18,12.535,85946138.0,"운송/해운,인터넷/소프트웨어",2차전지
2025-06-13,강한상승장,116629743.0,-0.001,38573,-0.843,10.111,87293543.0,"운송/해운,인터넷/소프트웨어","운송/해운,화학/정유,바이오"
2025-06-16,강한상승장,117172624.0,0.465,39277,1.825,12.956,99751024.0,운송/해운,
2025-06-17,강한상승장,117010436.0,-0.138,39382,0.267,12.839,117010436.0,,
2025-06-18,강한상승장,117119571.0,0.093,39715,0.846,15.086,100640271.0,화학/정유,화학/정유
2025-06-19,강한상승장,117070671.0,-0.042,39779,0.161,15.041,100640271.0,화학/정유,
2025-06-20,강한상승장,117783178.0,0.609,40335,1.398,15.915,76108478.0,"2차전지,화학/정유","2차전지,바이오,철강/비철"
2025-06-23,강한상승장,116886378.0,-0.761,40295,-0.099,17.311,76108478.0,"2차전지,화학/정유",
2025-06-24,강한상승장,117611378.0,0.62,41626,3.303,21.08,76108478.0,"2차전지,화학/정유",운송/해운
2025-06-25,강한상승장,117280478.0,-0.281,41755,0.31,19.553,76108478.0,"2차전지,화학/정유","건설,조선/기계"
2025-06-26,강한상승장,117063378.0,-0.185,41377,-0.905,18.099,76108478.0,"2차전지,화학/정유",PCB
2025-06-27,강한상승장,115947378.0,-0.953,41124,-0.611,15.803,76108478.0,"2차전지,화학/정유",철강/비철
2025-06-30,강한상승장,120287600.0,3.743,41387,0.64,14.278,87466600.0,"2차전지,화학/정유",화학/정유
2025-07-01,강한상승장,121853425.0,1.302,41507,0.29,15.718,58977425.0,"2차전지,화학/정유","2차전지,화학/정유,철강/비철"
2025-07-02,강한상승장,121458225.0,-0.324,41347,-0.385,15.32,58977425.0,"2차전지,화학/정유","자동차,2차전지,전력/전선/인프라"
2025-07-03,강한상승장,123122422.0,1.37,41988,1.55,13.909,82056222.0,"2차전지,화학/정유","바이오,전력/전선/인프라,엔터/게임"
2025-07-04,상승장,122485861.0,-0.517,41179,-1.927,9.79,86030061.0,"2차전지,화학/정유","철강/비철,바이오,통신"
2025-07-07,상승장,121795600.0,-0.564,41244,0.158,8.093,93170600.0,"2차전지,화학/정유",통신
2025-07-08,상승장,121487600.0,-0.253,42008,1.852,9.453,93170600.0,"2차전지,화학/정유","PCB,지주/밸류업,화장품"
2025-07-09,상승장,121199715.0,-0.237,42131,0.293,8.498,80293515.0,"2차전지,자동차",자동차
2025-07-10,상승장,121406137.0,0.17,42678,1.298,9.709,69040437.0,"2차전지,자동차","자동차,2차전지,운송/해운"
2025-07-11,강한상승장,122482037.0,0.886,42703,0.059,10.707,69040437.0,"2차전지,자동차","철강/비철,엔터/게임,운송/해운"
2025-07-14,상승장,123123937.0,0.524,43099,0.927,9.731,69040437.0,"2차전지,자동차",화장품
2025-07-15,강한상승장,122382437.0,-0.602,43382,0.657,10.157,69040437.0,"2차전지,자동차","자동차,전력/전선/인프라,PCB"
2025-07-16,상승장,121557437.0,-0.674,42975,-0.938,8.208,69040437.0,"2차전지,자동차",전력/전선/인프라
2025-07-17,상승장,122331837.0,0.637,43059,0.195,8.246,69040437.0,"2차전지,자동차",조선/기계
2025-07-18,상승장,122923037.0,0.483,43014,-0.105,6.642,69040437.0,"2차전지,자동차","음식료,2차전지,철강/비철"
2025-07-21,상승장,123488037.0,0.46,43362,0.809,7.611,69040437.0,"2차전지,자동차","2차전지,엔터/게임"
2025-07-22,횡보장,122952037.0,-0.434,42767,-1.372,2.741,69040437.0,"2차전지,자동차","전력/전선/인프라,2차전지,건설"
2025-07-23,횡보장,125075084.0,1.727,42920,0.358,2.79,76741084.0,"2차전지,자동차",전력/전선/인프라
2025-07-24,상승장,126632355.0,1.245,42876,-0.103,3.623,85082355.0,"2차전지,자동차","전력/전선/인프라,금융"
2025-07-25,상승장,126412355.0,-0.174,42985,0.254,4.525,85082355.0,"2차전지,자동차",엔터/게임
2025-07-28,상승장,127064005.0,0.515,43209,0.521,4.402,102846005.0,"2차전지,자동차","금융,전력/전선/인프라"
2025-07-29,상승장,126869705.0,-0.153,43502,0.678,4.806,102846005.0,"2차전지,자동차","PCB,건설"
2025-07-30,상승장,128197533.0,1.047,43875,0.857,6.114,112810533.0,자동차,
2025-07-31,상승장,127807156.0,-0.305,43770,-0.239,4.244,90334156.0,"자동차,지주/밸류업","지주/밸류업,건설"
2025-08-01,급락일,126687356.0,-0.876,41992,-4.062,1.974,90334156.0,"자동차,지주/밸류업","바이오,화장품,철강/비철"
2025-08-04,횡보장,126656356.0,-0.024,42476,1.153,2.987,90334156.0,"자동차,지주/밸류업",
2025-08-05,횡보장,127677212.0,0.806,43053,1.358,2.488,97727712.0,"자동차,지주/밸류업",화장품
2025-08-06,횡보장,127550329.0,-0.099,43028,-0.058,2.129,112425329.0,지주/밸류업,"엔터/게임,건설"
2025-08-07,횡보장,127575329.0,0.02,43397,0.858,1.685,112425329.0,지주/밸류업,"엔터/게임,화장품"
2025-08-08,횡보장,127225329.0,-0.274,43293,-0.24,1.382,112425329.0,지주/밸류업,"엔터/게임,운송/해운"
2025-08-11,횡보장,127425329.0,0.157,43302,0.021,0.471,112425329.0,지주/밸류업,철강/비철
2025-08-12,횡보장,126375329.0,-0.824,43163,-0.321,-0.505,112425329.0,지주/밸류업,"지주/밸류업,전력/전선/인프라,금융"
2025-08-13,횡보장,126500329.0,0.099,43607,1.029,1.471,112425329.0,지주/밸류업,"엔터/게임,음식료,운송/해운"
2025-08-14,횡보장,126300329.0,-0.158,43567,-0.092,1.18,112425329.0,지주/밸류업,"금융,자동차,음식료"
2025-08-18,횡보장,126625329.0,0.257,42908,-1.513,-0.246,112425329.0,지주/밸류업,"전력/전선/인프라,운송/해운,PCB"
2025-08-19,횡보장,125550329.0,-0.849,42605,-0.706,-1.746,112425329.0,지주/밸류업,"금융,지주/밸류업,건설"
2025-08-20,횡보장,125125329.0,-0.339,42351,-0.596,-0.973,112425329.0,지주/밸류업,"지주/밸류업,건설"
2025-08-21,횡보장,125925329.0,0.639,42456,0.248,-1.081,112425329.0,지주/밸류업,건설
2025-08-22,횡보장,126300329.0,0.298,42809,0.831,-0.156,112425329.0,지주/밸류업,"전력/전선/인프라,바이오,엔터/게임"
2025-08-25,횡보장,126750329.0,0.356,43332,1.222,0.807,112425329.0,지주/밸류업,"로봇,PCB"
2025-08-26,횡보장,126475329.0,-0.217,42923,-0.944,-0.662,112425329.0,지주/밸류업,"음식료,금융,자동차"
2025-08-27,횡보장,126350329.0,-0.099,42993,0.163,-1.17,112425329.0,지주/밸류업,
2025-08-28,횡보장,126525329.0,0.139,43213,0.512,-1.509,112425329.0,지주/밸류업,"자동차,음식료"
2025-08-29,횡보장,126425329.0,-0.079,43048,-0.382,-1.65,112425329.0,지주/밸류업,"2차전지,운송/해운"
2025-09-01,횡보장,125869337.0,-0.44,42326,-1.677,0.795,125869337.0,,PCB
2025-09-02,횡보장,125869337.0,0.0,42775,1.061,0.704,125869337.0,,"로봇,화장품"
2025-09-03,횡보장,125869337.0,0.0,42988,0.498,-0.151,125869337.0,,"로봇,화장품,전력/전선/인프라"
2025-09-04,횡보장,125869337.0,0.0,43148,0.372,0.279,125869337.0,,"지주/밸류업,2차전지,건설"
2025-09-05,횡보장,125869337.0,0.0,43322,0.403,-0.173,125869337.0,,"로봇,운송/해운,철강/비철"
2025-09-08,횡보장,125869337.0,0.0,43492,0.392,0.46,125869337.0,,"금융,자동차"
2025-09-09,횡보장,125869337.0,0.0,44085,1.363,1.808,125869337.0,,"지주/밸류업,2차전지,바이오"
2025-09-10,상승장,125974318.0,0.083,45011,2.1,4.281,80495918.0,"금융,엔터/게임","금융,엔터/게임,지주/밸류업"
2025-09-11,상승장,125257879.0,-0.569,45306,0.655,3.896,65531779.0,"금융,엔터/게임","금융,음식료,화장품"
2025-09-12,상승장,126217579.0,0.766,46222,2.022,6.094,65531779.0,"금융,엔터/게임","로봇,원전/에너지,화장품"
2025-09-15,상승장,126409979.0,0.152,46497,0.595,8.364,65531779.0,"금융,엔터/게임","원전/에너지,로봇"
2025-09-16,강한상승장,126294818.0,-0.091,47254,1.628,10.912,73409618.0,"금융,엔터/게임",
2025-09-17,강한상승장,126284818.0,-0.008,46675,-1.225,10.21,73409618.0,"금융,엔터/게임",
2025-09-18,강한상승장,126517118.0,0.184,47493,1.753,11.864,73409618.0,"금융,엔터/게임",엔터/게임
2025-09-19,강한상승장,126460038.0,-0.045,47319,-0.366,10.535,65574038.0,"금융,엔터/게임","전력/전선/인프라,운송/해운,금융"
2025-09-22,강한상승장,126165938.0,-0.233,47782,0.978,10.27,65574038.0,"금융,엔터/게임","로봇,화장품"
2025-09-23,강한상승장,125487538.0,-0.538,48166,0.804,12.215,65574038.0,"금융,엔터/게임",전력/전선/인프라
2025-09-24,강한상승장,124993795.0,-0.393,48016,-0.311,11.683,57013895.0,"금융,엔터/게임",
2025-09-25,강한상승장,124515395.0,-0.383,48031,0.031,11.149,57013895.0,"금융,엔터/게임","로봇,조선/기계,화장품"
2025-09-26,상승장,124124795.0,-0.314,46880,-2.396,8.902,57013895.0,"금융,엔터/게임","금융,지주/밸류업"
2025-09-29,강한상승장,125095298.0,0.782,47597,1.529,12.453,72368498.0,"금융,엔터/게임",화장품
2025-09-30,강한상승장,124456198.0,-0.511,47468,-0.271,10.971,72368498.0,"금융,엔터/게임","조선/기계,금융,화장품"
2025-10-01,강한상승장,124251298.0,-0.165,47966,1.049,11.58,72368498.0,"금융,엔터/게임",
2025-10-02,강한상승장,124674798.0,0.341,49397,2.983,14.483,72368498.0,"금융,엔터/게임","2차전지,지주/밸류업,자동차"
2025-10-10,강한상승장,124140398.0,-0.429,50651,2.539,16.918,72368498.0,"금융,엔터/게임",
2025-10-13,강한상승장,124063798.0,-0.062,50189,-0.912,15.398,72368498.0,"금융,엔터/게임","철강/비철,로봇,2차전지"
2025-10-14,강한상승장,122988498.0,-0.867,49680,-1.014,12.691,72368498.0,"금융,엔터/게임","로봇,2차전지,조선/기계"
2025-10-15,강한상승장,124086498.0,0.893,51060,2.778,13.439,72368498.0,"금융,엔터/게임","바이오,전력/전선/인프라,건설"
2025-10-16,강한상승장,124062498.0,-0.019,52400,2.624,15.658,72368498.0,"금융,엔터/게임",지주/밸류업
2025-10-17,강한상승장,123731774.0,-0.267,52550,0.286,13.69,67172574.0,"금융,엔터/게임",조선/기계
2025-10-20,강한상승장,125041059.0,1.058,53511,1.829,15.085,69344659.0,"금융,화장품",화장품
2025-10-21,강한상승장,124527059.0,-0.411,53626,0.215,13.485,69344659.0,"금융,화장품",
2025-10-22,강한상승장,124879259.0,0.283,54234,1.134,16.195,69344659.0,"금융,화장품",철강/비철
2025-10-23,강한상승장,124954359.0,0.06,53661,-1.057,12.987,69344659.0,"금융,화장품",
2025-10-24,강한상승장,124590659.0,-0.291,55062,2.611,16.363,69344659.0,"금융,화장품","건설,철강/비철"
2025-10-27,강한상승장,125518259.0,0.745,56576,2.75,18.404,69344659.0,"금융,화장품","바이오,엔터/게임,건설"
2025-10-28,강한상승장,125568559.0,0.04,56013,-0.995,16.292,69344659.0,"금융,화장품",
2025-10-29,강한상승장,124656059.0,-0.727,57184,2.091,19.094,69344659.0,"금융,화장품","지주/밸류업,건설"
2025-10-30,강한상승장,125596759.0,0.755,57384,0.35,19.473,69344659.0,"금융,화장품",엔터/게임
2025-10-31,강한상승장,125744159.0,0.117,58083,1.218,23.897,69344659.0,"금융,화장품",
2025-11-03,강한상승장,127229040.0,1.181,59867,3.071,25.779,79330140.0,"금융,화장품","방산/우주,바이오,엔터/게임"
2025-11-04,강한상승장,128503340.0,1.002,58218,-2.754,22.647,79330140.0,"금융,화장품","바이오,금융,방산/우주"
2025-11-05,강한상승장,127637940.0,-0.673,56605,-2.771,18.011,79330140.0,"금융,화장품","전력/전선/인프라,원전/에너지,방산/우주"
2025-11-06,강한상승장,128477134.0,0.657,56915,0.548,15.22,75031234.0,"금융,화장품","화장품,원전/에너지,금융"
2025-11-07,강한상승장,127865289.0,-0.476,55886,-1.808,10.335,66165089.0,"금융,화장품","화장품,금융"
2025-11-10,강한상승장,128347754.0,0.377,57594,3.056,14.754,74595654.0,"금융,화장품",금융
2025-11-11,강한상승장,127076268.0,-0.991,58133,0.936,17.015,65842568.0,"금융,화장품",엔터/게임
2025-11-12,강한상승장,128101826.0,0.807,58738,1.041,15.037,90109126.0,"금융,화장품","철강/비철,자동차"
2025-11-13,강한상승장,128055926.0,-0.036,59007,0.458,12.609,90109126.0,"금융,화장품","철강/비철,엔터/게임"
2025-11-14,급락일,127410126.0,-0.504,56450,-4.333,7.422,90109126.0,"금융,화장품",원전/에너지
2025-11-17,상승장,126928026.0,-0.378,57654,2.133,7.742,90109126.0,"금융,화장품",
2025-11-18,상승장,125952926.0,-0.768,55741,-3.318,3.944,90109126.0,"금융,화장품",방산/우주
2025-11-19,횡보장,126500626.0,0.435,55351,-0.7,2.06,90109126.0,"금융,화장품","전력/전선/인프라,방산/우주,로봇"
2025-11-20,상승장,126465117.0,-0.028,56540,2.148,5.365,75070617.0,"금융,화장품","음식료,화장품,지주/밸류업"
2025-11-21,급락일,126321217.0,-0.114,54168,-4.195,-1.624,75070617.0,"금융,화장품","전력/전선/인프라,인터넷/소프트웨어"
2025-11-24,조정장,126366217.0,0.036,54153,-0.028,-4.283,75070617.0,"금융,화장품","화장품,조선/기계,통신"
2025-11-25,횡보장,126675078.0,0.244,54547,0.728,-2.617,82895578.0,"금융,화장품",
2025-11-26,횡보장,127362178.0,0.542,56021,2.702,-2.034,82895578.0,"금융,화장품","2차전지,건설,원전/에너지"
2025-11-27,횡보장,127656178.0,0.231,56415,0.703,-1.689,82895578.0,"금융,화장품",철강/비철
2025-11-28,조정장,127329078.0,-0.256,55591,-1.461,-4.29,82895578.0,"금융,화장품",자동차
2025-12-01,조정장,127686878.0,0.281,55516,-0.135,-7.268,82895578.0,"금융,화장품","방산/우주,음식료,전력/전선/인프라"
2025-12-02,횡보장,128434778.0,0.586,56615,1.98,-2.753,82895578.0,"금융,화장품","금융,방산/우주,전력/전선/인프라"
2025-12-03,횡보장,128064578.0,-0.288,57234,1.093,1.111,82895578.0,"금융,화장품","건설,원전/에너지,지주/밸류업"
2025-12-04,횡보장,127555978.0,-0.397,57089,-0.253,0.306,82895578.0,"금융,화장품",원전/에너지
2025-12-05,상승장,128116178.0,0.439,58178,1.908,4.101,82895578.0,"금융,화장품","건설,원전/에너지"
2025-12-08,횡보장,127947916.0,-0.131,58958,1.341,2.368,87173716.0,"금융,화장품","2차전지,조선/기계,화장품"
2025-12-09,횡보장,127477116.0,-0.368,58643,-0.534,0.877,87173716.0,"금융,화장품","방산/우주,철강/비철"
2025-12-10,횡보장,126917416.0,-0.439,58618,-0.043,-0.204,87173716.0,"금융,화장품",인터넷/소프트웨어
2025-12-11,횡보장,126982416.0,0.051,58138,-0.819,-1.473,87173716.0,"금융,화장품","PCB,조선/기계,인터넷/소프트웨어"
2025-12-12,상승장,127192916.0,0.166,58933,1.367,4.399,87173716.0,"금융,화장품","로봇,건설,바이오"
2025-12-15,횡보장,127052416.0,-0.11,57594,-2.272,-0.104,87173716.0,"금융,화장품","건설,철강/비철,엔터/게임"
2025-12-16,횡보장,127279216.0,0.179,56340,-2.177,1.075,87173716.0,"금융,화장품","인터넷/소프트웨어,화장품,철강/비철"
2025-12-17,상승장,127161085.0,-0.093,57429,1.933,3.754,82671585.0,"금융,화장품",엔터/게임
2025-12-18,횡보장,126486985.0,-0.53,56760,-1.165,0.389,82671585.0,"금융,화장품",지주/밸류업
2025-12-19,상승장,126936185.0,0.355,57060,0.529,5.339,82671585.0,"금융,화장품","방산/우주,2차전지,인터넷/소프트웨어"
2025-12-22,상승장,127465285.0,0.417,58363,2.284,7.774,82671585.0,"금융,화장품",
2025-12-23,상승장,126916585.0,-0.43,58533,0.291,7.307,82671585.0,"금융,화장품",엔터/게임
2025-12-24,상승장,127215085.0,0.235,58548,0.026,4.511,82671585.0,"금융,화장품",철강/비철
2025-12-26,상승장,126664785.0,-0.433,59047,0.852,4.665,82671585.0,"금융,화장품","바이오,원전/에너지"
2025-12-29,상승장,127126385.0,0.364,60656,2.725,9.111,82671585.0,"금융,화장품","방산/우주,인터넷/소프트웨어,전력/전선/인프라"
2025-12-30,상승장,127040741.0,-0.067,60831,0.289,9.574,95573841.0,"금융,화장품","2차전지,지주/밸류업,엔터/게임"
2026-01-02,강한상승장,126847441.0,-0.152,62594,2.898,10.561,95573841.0,"금융,화장품","엔터/게임,인터넷/소프트웨어"
2026-01-05,강한상승장,127358341.0,0.403,64971,3.797,13.518,95573841.0,"금융,화장품",엔터/게임
2026-01-06,강한상승장,127207231.0,-0.119,66140,1.799,15.854,86853831.0,"금융,화장품","전력/전선/인프라,인터넷/소프트웨어,원전/에너지"
2026-01-07,강한상승장,126945631.0,-0.206,66649,0.77,14.56,86853831.0,"금융,화장품",인터넷/소프트웨어
2026-01-08,강한상승장,126380131.0,-0.445,66550,-0.149,12.877,86853831.0,"금융,화장품",방산/우주
2026-01-09,강한상승장,127394831.0,0.803,67109,0.84,14.437,86853831.0,"금융,화장품","철강/비철,바이오"
2026-01-12,강한상승장,127067189.0,-0.257,67538,0.639,15.217,90198089.0,"건설,금융","건설,전력/전선/인프라,운송/해운"
2026-01-13,강한상승장,127460089.0,0.309,68393,1.266,17.639,90198089.0,"건설,금융","2차전지,운송/해운"
2026-01-14,강한상승장,127922639.0,0.363,68767,0.547,16.687,90198089.0,"건설,금융","전력/전선/인프라,건설,지주/밸류업"
2026-01-15,강한상승장,128075389.0,0.119,69941,1.707,21.438,90198089.0,"건설,금융","PCB,인터넷/소프트웨어,전력/전선/인프라"
2026-01-16,강한상승장,128044089.0,-0.024,70680,1.057,25.453,90198089.0,"건설,금융",운송/해운
2026-01-19,강한상승장,127757139.0,-0.224,71704,1.449,24.857,90198089.0,"건설,금융","2차전지,엔터/게임"
2026-01-20,강한상승장,129038740.0,1.003,71115,-0.821,25.291,89588940.0,"건설,금융","2차전지,바이오,금융"
2026-01-21,강한상승장,129167240.0,0.1,71679,0.793,25.62,89588940.0,"건설,금융",
2026-01-22,강한상승장,129020800.0,-0.113,72453,1.08,24.142,94226250.0,"건설,금융","화장품,철강/비철"
2026-01-23,강한상승장,129898742.0,0.68,72948,0.683,24.627,85649842.0,"금융,조선/기계","조선/기계,철강/비철"
2026-01-26,강한상승장,129829842.0,-0.053,72229,-0.986,23.367,85649842.0,"금융,조선/기계","인터넷/소프트웨어,전력/전선/인프라"
2026-01-27,강한상승장,131333353.0,1.158,74696,3.416,26.503,76459553.0,"금융,조선/기계","통신,전력/전선/인프라,원전/에너지"
2026-01-28,강한상승장,130592053.0,-0.564,76095,1.873,25.453,76459553.0,"금융,조선/기계","PCB,방산/우주"
2026-01-29,강한상승장,130601953.0,0.008,77035,1.235,26.638,76459553.0,"금융,조선/기계","PCB,원전/에너지"
2026-01-30,강한상승장,129446653.0,-0.885,77305,0.35,23.502,76459553.0,"금융,조선/기계","방산/우주,PCB"
2026-02-02,급락일,128692653.0,-0.582,72700,-5.957,11.896,76459553.0,"금융,조선/기계","지주/밸류업,방산/우주,전력/전선/인프라"
2026-02-03,강한상승장,131650691.0,2.299,78290,7.689,18.37,85725891.0,"금융,조선/기계","지주/밸류업,전력/전선/인프라"
2026-02-04,강한상승장,132645060.0,0.755,79385,1.399,19.109,95455860.0,"금융,조선/기계","화장품,조선/기계,금융"
2026-02-05,급락일,131226660.0,-1.069,76010,-4.251,14.215,95455860.0,"금융,조선/기계","화장품,철강/비철,바이오"
2026-02-06,강한상승장,131501051.0,0.209,75195,-1.072,12.049,97009251.0,"엔터/게임,조선/기계","엔터/게임,인터넷/소프트웨어"
2026-02-09,강한상승장,132809649.0,0.995,78340,4.182,15.994,91473849.0,"엔터/게임,조선/기계","바이오,전력/전선/인프라,화장품"
2026-02-10,강한상승장,132274360.0,-0.403,78435,0.121,14.683,95088360.0,"방산/우주,엔터/게임","방산/우주,운송/해운"
2026-02-11,강한상승장,132318360.0,0.033,79115,0.867,15.048,95088360.0,"방산/우주,엔터/게임",바이오
2026-02-12,강한상승장,132209360.0,-0.082,81975,3.615,17.206,95088360.0,"방산/우주,엔터/게임","철강/비철,2차전지,인터넷/소프트웨어"
2026-02-13,강한상승장,132268360.0,0.045,81860,-0.14,15.818,95088360.0,"방산/우주,엔터/게임",통신
2026-02-19,강한상승장,133624216.0,1.025,84390,3.091,17.692,105127716.0,"방산/우주,엔터/게임","조선/기계,2차전지,로봇"
2026-02-20,강한상승장,135026656.0,1.05,86300,2.263,21.353,95732156.0,"방산/우주,엔터/게임","조선/기계,방산/우주,전력/전선/인프라"
2026-02-23,강한상승장,135070156.0,0.032,86940,0.742,21.291,95732156.0,"방산/우주,엔터/게임","전력/전선/인프라,운송/해운"
2026-02-24,강한상승장,135087656.0,0.013,89085,2.467,22.956,95732156.0,"방산/우주,엔터/게임","로봇,PCB,철강/비철"
2026-02-25,강한상승장,134604156.0,-0.358,90890,2.026,24.596,95732156.0,"방산/우주,엔터/게임","운송/해운,2차전지,PCB"
2026-02-26,강한상승장,134071156.0,-0.396,95025,4.549,31.561,95732156.0,"방산/우주,엔터/게임",인터넷/소프트웨어
2026-02-27,강한상승장,135543788.0,1.098,94120,-0.952,26.004,106736288.0,"방산/우주,엔터/게임",방산/우주
2026-03-03,급락일,140083631.0,3.349,86705,-7.878,13.943,131096131.0,엔터/게임,"화학/정유,조선/기계,운송/해운"
2026-03-04,급락일,139271131.0,-0.58,75900,-12.462,-1.473,131096131.0,엔터/게임,"화학/정유,원전/에너지"
2026-03-05,상승장,138859906.0,-0.295,83570,10.105,8.104,106158306.0,"엔터/게임,화학/정유",화학/정유
2026-03-06,강한상승장,137595715.0,-0.91,83560,-0.012,14.938,122291115.0,화학/정유,
2026-03-09,급락일,136889267.0,-0.513,78230,-6.379,-0.077,129295967.0,화학/정유,
2026-03-10,상승장,136012383.0,-0.641,82900,5.97,4.428,136012383.0,,
2026-03-11,강한상승장,136079334.0,0.049,83825,1.116,10.282,126839334.0,조선/기계,조선/기계
2026-03-12,강한상승장,136347344.0,0.197,83200,-0.746,10.646,117343944.0,"건설,조선/기계","건설,바이오"
2026-03-13,상승장,136875040.0,0.387,81540,-1.995,4.085,103156840.0,"금융,조선/기계",금융
2026-03-16,상승장,136608040.0,-0.195,82985,1.772,5.801,103156840.0,"금융,조선/기계",
2026-03-17,상승장,137133040.0,0.384,84635,1.988,6.977,103156840.0,"금융,조선/기계",PCB
2026-03-18,상승장,138150640.0,0.742,89370,5.595,9.021,103156840.0,"금융,조선/기계","PCB,지주/밸류업"
2026-03-19,상승장,138224640.0,0.054,86750,-2.932,5.974,103156840.0,"금융,조선/기계","PCB,전력/전선/인프라,바이오"
2026-03-20,횡보장,138254440.0,0.022,86660,-0.104,2.69,103156840.0,"금융,조선/기계","원전/에너지,금융"
2026-03-23,급락일,135705612.0,-1.844,81025,-6.502,-6.112,111497612.0,금융,"지주/밸류업,조선/기계"
2026-03-24,조정장,135803385.0,0.072,83505,3.061,-3.951,104818285.0,"2차전지,금융","2차전지,전력/전선/인프라,바이오"
2026-03-25,조정장,136346085.0,0.4,84510,1.204,-5.136,104818285.0,"2차전지,금융",전력/전선/인프라
2026-03-26,하락장,136572385.0,0.166,81600,-3.443,-10.221,104818285.0,"2차전지,금융",바이오
2026-03-27,하락장,136760585.0,0.138,81225,-0.46,-14.522,104818285.0,"2차전지,금융","전력/전선/인프라,2차전지"
2026-03-30,하락장,136137885.0,-0.455,78680,-3.133,-16.405,104818285.0,"2차전지,금융",2차전지
2026-03-31,급락일,135148785.0,-0.727,75430,-4.131,-13.004,104818285.0,"2차전지,금융","지주/밸류업,2차전지,금융"
2026-04-01,상승장,136726085.0,1.167,82170,8.935,8.261,104818285.0,"2차전지,금융","조선/기계,방산/우주"
2026-04-02,급락일,136295185.0,-0.315,78190,-4.844,-6.438,104818285.0,"2차전지,금융","2차전지,원전/에너지"
2026-04-03,조정장,136157385.0,-0.101,80575,3.05,-3.572,104818285.0,"2차전지,금융",
2026-04-06,상승장,136725185.0,0.417,81750,1.458,4.5,104818285.0,"2차전지,금융",
2026-04-07,횡보장,136319385.0,-0.297,82770,1.248,-0.157,104818285.0,"2차전지,금융",
2026-04-08,상승장,137743685.0,1.045,89000,7.527,6.174,104818285.0,"2차전지,금융","철강/비철,지주/밸류업"
2026-04-09,상승장,137743515.0,-0.0,87250,-1.966,4.868,88358515.0,"2차전지,금융",2차전지
2026-04-10,상승장,138032509.0,0.21,88655,1.61,8.726,104888109.0,"2차전지,금융",전력/전선/인프라
2026-04-13,상승장,137783659.0,-0.18,87880,-0.874,5.899,109247559.0,"2차전지,금융",
2026-04-14,상승장,137702159.0,-0.059,90430,2.902,6.847,109247559.0,"2차전지,금융","지주/밸류업,PCB"
2026-04-15,상승장,137894837.0,0.14,92665,2.472,3.687,101814437.0,"2차전지,금융","원전/에너지,인터넷/소프트웨어,금융"
2026-04-16,상승장,138522237.0,0.455,94710,2.207,9.176,101814437.0,"2차전지,금융","조선/기계,인터넷/소프트웨어"
2026-04-17,상승장,138804937.0,0.204,94050,-0.697,8.528,101814437.0,"2차전지,금융","2차전지,조선/기계,철강/비철"
2026-04-20,강한상승장,139206893.0,0.29,94500,0.478,16.631,104089193.0,"2차전지,금융","PCB,2차전지,원전/에너지"
2026-04-21,강한상승장,140731435.0,1.095,96920,2.561,16.065,105323385.0,"금융,철강/비철","철강/비철,조선/기계"
2026-04-22,강한상승장,140252485.0,-0.34,97300,0.392,15.134,105323385.0,"금융,철강/비철","전력/전선/인프라,금융"
2026-04-23,강한상승장,140712035.0,0.328,98355,1.084,20.533,105323385.0,"금융,철강/비철","전력/전선/인프라,원전/에너지"
2026-04-24,강한상승장,140963085.0,0.178,98000,-0.361,20.653,105323385.0,"금융,철강/비철","자동차,금융"
2026-04-27,강한상승장,140307231.0,-0.465,100240,2.286,27.402,86713331.0,"금융,로봇",로봇
2026-04-28,강한상승장,140426381.0,0.085,100700,0.459,33.501,86713331.0,"금융,로봇","철강/비철,2차전지"
2026-04-29,강한상승장,140646131.0,0.156,101045,0.343,22.971,86713331.0,"금융,로봇",금융
2026-04-30,강한상승장,140211668.0,-0.309,99905,-1.128,27.772,73982918.0,"금융,로봇","인터넷/소프트웨어,로봇,금융"
2026-05-04,강한상승장,140412968.0,0.144,105295,5.395,30.679,73982918.0,"금융,로봇",
2026-05-06,강한상승장,140496768.0,0.06,113270,7.574,38.557,73982918.0,"금융,로봇",
2026-05-07,강한상승장,139755718.0,-0.527,115620,2.075,39.688,73982918.0,"금융,로봇","건설,원전/에너지,로봇"
2026-05-08,강한상승장,144504240.0,3.398,115810,0.164,30.124,102299140.0,"금융,로봇","로봇,인터넷/소프트웨어"
2026-05-11,강한상승장,145893539.0,0.961,121805,5.177,39.605,120691939.0,금융,
2026-05-12,강한상승장,145671381.0,-0.152,119100,-2.221,34.341,80443781.0,"2차전지,금융","2차전지,로봇"
2026-05-13,강한상승장,145404481.0,-0.183,122655,2.985,39.571,80443781.0,"2차전지,금융",바이오
2026-05-14,강한상승장,146417081.0,0.696,124855,1.794,38.068,80443781.0,"2차전지,금융","건설,바이오"
2026-05-15,급락일,145097017.0,-0.902,117200,-6.131,26.477,89884517.0,"2차전지,금융","로봇,2차전지"
2026-05-18,강한상승장,144363166.0,-0.506,117840,0.546,24.422,110034066.0,금융,전력/전선/인프라
2026-05-19,강한상승장,144200680.0,-0.113,114315,-2.991,21.547,81060580.0,"금융,방산/우주","방산/우주,로봇"
2026-05-20,강한상승장,143149880.0,-0.729,113340,-0.853,19.937,81060580.0,"금융,방산/우주",
2026-05-21,강한상승장,144219580.0,0.747,123060,8.576,26.971,81060580.0,"금융,방산/우주",건설
2026-05-22,강한상승장,146026555.0,1.253,123350,0.236,26.773,91135355.0,"금융,방산/우주","2차전지,바이오"
2026-05-26,강한상승장,145220055.0,-0.552,126755,2.76,28.875,91135355.0,"금융,방산/우주","조선/기계,건설"
2026-05-27,강한상승장,144432555.0,-0.542,130600,3.033,33.265,91135355.0,"금융,방산/우주",인터넷/소프트웨어
2026-05-28,강한상승장,142777191.0,-1.146,129990,-0.467,29.679,81433091.0,"금융,방산/우주","2차전지,인터넷/소프트웨어"
2026-05-29,강한상승장,142381091.0,-0.277,134815,3.712,33.878,81433091.0,"금융,방산/우주",2차전지
2026-06-01,강한상승장,141860814.0,-0.365,141395,4.881,39.933,75865314.0,"금융,방산/우주",로봇
2026-06-02,강한상승장,141063114.0,-0.562,141575,0.127,41.71,75865314.0,"금융,방산/우주","로봇,통신"
2026-06-04,강한상승장,142628214.0,1.11,138730,-2.01,31.754,75865314.0,"금융,방산/우주",금융
2026-06-05,급락일,141049999.0,-1.107,131030,-5.55,15.679,112049599.0,금융,금융
2026-06-08,급락일,137653099.0,-2.408,119560,-8.754,3.408,112049599.0,금융,
2026-06-09,강한상승장,138210799.0,0.405,130130,8.841,12.365,112049599.0,금융,
2026-06-10,급락일,138075599.0,-0.098,123795,-4.868,1.634,112049599.0,금융,"전력/전선/인프라,조선/기계"
2026-06-11,상승장,136163866.0,-1.385,123850,0.044,3.988,95824366.0,"금융,지주/밸류업","지주/밸류업,PCB,조선/기계"
2026-06-12,상승장,139363166.0,2.35,129270,4.376,5.393,95824366.0,"금융,지주/밸류업","전력/전선/인프라,PCB"
2026-06-15,상승장,141442766.0,1.492,136290,5.43,9.159,95824366.0,"금융,지주/밸류업",
2026-06-16,강한상승장,143081197.0,1.158,139550,2.392,19.07,105007197.0,"금융,지주/밸류업",
2026-06-17,강한상승장,142726331.0,-0.248,142055,1.795,20.549,94912231.0,"금융,조선/기계",조선/기계
2026-06-18,강한상승장,141367111.0,-0.952,146945,3.442,28.544,104420711.0,"금융,조선/기계",
2026-06-19,강한상승장,141038368.0,-0.233,146910,-0.024,29.619,94640468.0,"금융,조선/기계",2차전지
2026-06-22,강한상승장,139253422.0,-1.266,148355,0.984,20.555,139253422.0,,
2026-06-23,급락일,139253422.0,0.0,132820,-10.472,7.677,139253422.0,,
2026-06-24,상승장,139253422.0,0.0,138145,4.009,8.986,139253422.0,,
2026-06-25,강한상승장,139253422.0,0.0,145830,5.563,11.662,139253422.0,,
2026-06-26,급락일,139253422.0,0.0,137380,-5.794,5.685,139253422.0,,
